t,speed,yaw,toe,wIdle,wWalk,wRun,wAct,stickMag
0.017,0.235,0.0,0.000,1.00,0.00,0.00,0.00,0.35
0.033,0.462,0.0,1.545,0.85,0.15,0.00,0.00,0.35
0.050,0.706,0.0,2.837,0.65,0.35,0.00,0.00,0.35
0.066,0.928,0.0,2.339,0.49,0.51,0.00,0.00,0.35
0.083,0.997,0.0,1.348,0.37,0.63,0.00,0.00,0.35
0.100,0.997,0.0,0.100,0.28,0.72,0.00,0.00,0.35
0.117,0.997,0.0,0.100,0.21,0.79,0.00,0.00,0.35
0.134,0.997,0.0,0.100,0.16,0.84,0.00,0.00,0.35
0.150,0.997,0.0,0.100,0.12,0.88,0.00,0.00,0.35
0.167,0.997,0.0,0.100,0.09,0.91,0.00,0.00,0.35
0.183,0.997,0.0,0.100,0.07,0.93,0.00,0.00,0.35
0.200,0.997,0.0,0.100,0.05,0.95,0.00,0.00,0.35
0.217,0.997,0.0,0.100,0.04,0.96,0.00,0.00,0.35
0.234,0.997,0.0,0.100,0.03,0.97,0.00,0.00,0.35
0.250,0.997,0.0,0.100,0.02,0.98,0.00,0.00,0.35
0.267,0.997,0.0,0.100,0.02,0.98,0.00,0.00,0.35
0.284,0.997,0.0,0.100,0.01,0.99,0.00,0.00,0.35
0.300,0.997,0.0,0.100,0.01,0.99,0.00,0.00,0.35
0.317,0.997,0.0,0.100,0.01,0.99,0.00,0.00,0.35
0.334,0.997,0.0,0.100,0.01,0.99,0.00,0.00,0.35
0.350,0.997,0.0,0.100,0.00,1.00,0.00,0.00,0.35
0.367,0.997,0.0,0.100,0.00,1.00,0.00,0.00,0.35
0.384,0.997,0.0,0.100,0.00,1.00,0.00,0.00,0.35
0.400,0.997,0.0,0.100,0.00,1.00,0.00,0.00,0.35
0.417,0.997,0.0,0.100,0.00,1.00,0.00,0.00,0.35
0.434,0.997,0.0,0.100,0.00,1.00,0.00,0.00,0.35
0.450,0.997,0.0,0.100,0.00,1.00,0.00,0.00,0.35
0.467,0.997,0.0,0.100,0.00,1.00,0.00,0.00,0.35
0.484,0.997,0.0,0.100,0.00,1.00,0.00,0.00,0.35
0.500,0.997,0.0,0.100,0.00,1.00,0.00,0.00,0.35
0.517,0.997,0.0,0.100,0.00,1.00,0.00,0.00,0.35
0.534,0.997,0.0,0.103,0.00,1.00,0.00,0.00,0.35
0.550,0.997,0.0,0.142,0.00,1.00,0.00,0.00,0.35
0.567,0.997,0.0,0.122,0.00,1.00,0.00,0.00,0.35
0.584,0.997,0.0,0.100,0.00,1.00,0.00,0.00,0.35
0.600,0.997,0.0,0.100,0.00,1.00,0.00,0.00,0.35
0.617,0.997,0.0,0.100,0.00,1.00,0.00,0.00,0.35
0.634,0.997,0.0,0.100,0.00,1.00,0.00,0.00,0.35
0.650,0.997,0.0,0.100,0.00,1.00,0.00,0.00,0.35
0.667,0.997,0.0,0.100,0.00,1.00,0.00,0.00,0.35
0.684,0.997,0.0,0.100,0.00,1.00,0.00,0.00,0.35
0.700,0.997,0.0,0.100,0.00,1.00,0.00,0.00,0.35
0.717,0.997,0.0,0.100,0.00,1.00,0.00,0.00,0.35
0.734,0.997,0.0,0.100,0.00,1.00,0.00,0.00,0.35
0.750,0.997,0.0,0.006,0.00,1.00,0.00,0.00,0.35
0.767,0.997,0.0,0.000,0.00,1.00,0.00,0.00,0.35
0.783,0.997,0.0,0.001,0.00,1.00,0.00,0.00,0.35
0.800,0.997,0.0,0.002,0.00,1.00,0.00,0.00,0.35
0.816,0.997,0.0,0.002,0.00,1.00,0.00,0.00,0.35
0.834,0.997,0.0,0.002,0.00,1.00,0.00,0.00,0.35
0.850,0.997,0.0,0.000,0.00,1.00,0.00,0.00,0.35
0.867,0.997,0.0,0.002,0.00,1.00,0.00,0.00,0.35
0.883,0.997,0.0,0.002,0.00,1.00,0.00,0.00,0.35
0.900,0.997,0.0,0.002,0.00,1.00,0.00,0.00,0.35
0.917,0.997,0.0,0.001,0.00,1.00,0.00,0.00,0.35
0.934,0.997,0.0,0.000,0.00,1.00,0.00,0.00,0.35
0.950,0.997,0.0,0.001,0.00,1.00,0.00,0.00,0.35
0.967,0.997,0.0,0.001,0.00,1.00,0.00,0.00,0.35
0.984,0.997,0.0,0.001,0.00,1.00,0.00,0.00,0.35
1.000,0.997,0.0,0.004,0.00,1.00,0.00,0.00,0.35
1.017,0.997,0.0,0.003,0.00,1.00,0.00,0.00,0.35
1.033,0.997,0.0,0.011,0.00,1.00,0.00,0.00,0.35
1.050,0.997,0.0,0.018,0.00,1.00,0.00,0.00,0.35
1.067,0.997,0.0,0.013,0.00,1.00,0.00,0.00,0.35
1.083,0.997,0.0,0.021,0.00,1.00,0.00,0.00,0.35
1.100,0.997,0.0,0.005,0.00,1.00,0.00,0.00,0.35
1.117,0.997,0.0,0.004,0.00,1.00,0.00,0.00,0.35
1.133,0.997,0.0,0.006,0.00,1.00,0.00,0.00,0.35
1.150,0.997,0.0,0.007,0.00,1.00,0.00,0.00,0.35
1.167,0.997,0.0,0.003,0.00,1.00,0.00,0.00,0.35
1.183,0.997,0.0,0.003,0.00,1.00,0.00,0.00,0.35
1.200,0.997,0.0,0.006,0.00,1.00,0.00,0.00,0.35
1.217,0.997,0.0,0.038,0.00,1.00,0.00,0.00,0.35
1.233,0.997,0.0,0.009,0.00,1.00,0.00,0.00,0.35
1.250,0.997,0.0,0.094,0.00,1.00,0.00,0.00,0.35
1.267,0.997,0.0,0.179,0.00,1.00,0.00,0.00,0.35
1.284,0.997,0.0,0.002,0.00,1.00,0.00,0.00,0.35
1.300,0.997,0.0,0.002,0.00,1.00,0.00,0.00,0.35
1.317,0.997,0.0,0.001,0.00,1.00,0.00,0.00,0.35
1.334,0.997,0.0,0.000,0.00,1.00,0.00,0.00,0.35
1.350,0.997,0.0,0.001,0.00,1.00,0.00,0.00,0.35
1.367,0.997,0.0,0.002,0.00,1.00,0.00,0.00,0.35
1.383,0.997,0.0,0.002,0.00,1.00,0.00,0.00,0.35
1.400,0.997,0.0,0.001,0.00,1.00,0.00,0.00,0.35
1.416,0.997,0.0,0.001,0.00,1.00,0.00,0.00,0.35
1.433,0.997,0.0,0.001,0.00,1.00,0.00,0.00,0.35
1.450,0.997,0.0,0.002,0.00,1.00,0.00,0.00,0.35
1.468,0.997,0.0,0.003,0.00,1.00,0.00,0.00,0.35
1.483,0.997,0.0,0.002,0.00,1.00,0.00,0.00,0.35
1.500,0.997,0.0,0.001,0.00,1.00,0.00,0.00,0.35
1.517,0.997,0.0,0.000,0.00,1.00,0.00,0.00,0.35
1.534,0.997,0.0,0.002,0.00,1.00,0.00,0.00,0.35
1.550,0.997,0.0,0.002,0.00,1.00,0.00,0.00,0.35
1.567,0.997,0.0,0.001,0.00,1.00,0.00,0.00,0.35
1.583,0.997,0.0,0.000,0.00,1.00,0.00,0.00,0.35
1.600,0.997,0.0,0.000,0.00,1.00,0.00,0.00,0.35
1.617,0.997,0.0,0.002,0.00,1.00,0.00,0.00,0.35
1.633,0.997,0.0,0.001,0.00,1.00,0.00,0.00,0.35
1.650,0.997,0.0,0.001,0.00,1.00,0.00,0.00,0.35
1.667,0.997,0.0,0.002,0.00,1.00,0.00,0.00,0.35
1.683,0.997,0.0,0.001,0.00,1.00,0.00,0.00,0.35
1.700,0.997,0.0,0.002,0.00,1.00,0.00,0.00,0.35
1.717,0.997,0.0,0.001,0.00,1.00,0.00,0.00,0.35
1.733,0.997,0.0,0.001,0.00,1.00,0.00,0.00,0.35
1.750,0.997,0.0,0.009,0.00,1.00,0.00,0.00,0.35
1.766,0.997,0.0,0.011,0.00,1.00,0.00,0.00,0.35
1.784,0.997,0.0,0.021,0.00,1.00,0.00,0.00,0.35
1.800,0.997,0.0,0.013,0.00,1.00,0.00,0.00,0.35
1.817,0.997,0.0,0.011,0.00,1.00,0.00,0.00,0.35
1.834,0.997,0.0,0.004,0.00,1.00,0.00,0.00,0.35
1.851,0.997,0.0,0.002,0.00,1.00,0.00,0.00,0.35
1.867,0.997,0.0,0.002,0.00,1.00,0.00,0.00,0.35
1.883,0.997,0.0,0.003,0.00,1.00,0.00,0.00,0.35
1.901,0.997,0.0,0.002,0.00,1.00,0.00,0.00,0.35
1.917,0.997,0.0,0.037,0.00,1.00,0.00,0.00,0.35
1.934,0.997,0.0,0.080,0.00,1.00,0.00,0.00,0.35
1.950,0.997,0.0,0.189,0.00,1.00,0.00,0.00,0.35
1.966,0.997,0.0,0.002,0.00,1.00,0.00,0.00,0.35
1.983,0.997,0.0,0.000,0.00,1.00,0.00,0.00,0.35
2.000,0.997,0.0,0.001,0.00,1.00,0.00,0.00,0.35
2.018,0.997,0.0,0.001,0.00,1.00,0.00,0.00,0.35
2.033,0.997,0.0,0.002,0.00,1.00,0.00,0.00,0.35
2.050,0.997,0.0,0.002,0.00,1.00,0.00,0.00,0.35
2.067,0.997,0.0,0.001,0.00,1.00,0.00,0.00,0.35
2.084,0.997,0.0,0.000,0.00,1.00,0.00,0.00,0.35
2.100,0.997,0.0,0.001,0.00,1.00,0.00,0.00,0.35
2.117,0.997,0.0,0.003,0.00,1.00,0.00,0.00,0.35
2.134,0.997,0.0,0.003,0.00,1.00,0.00,0.00,0.35
2.150,0.997,0.0,0.001,0.00,1.00,0.00,0.00,0.35
2.167,0.997,0.0,0.000,0.00,1.00,0.00,0.00,0.35
2.184,0.997,0.0,0.001,0.00,1.00,0.00,0.00,0.35
2.200,0.997,0.0,0.003,0.00,1.00,0.00,0.00,0.35
2.216,0.997,0.0,0.003,0.00,1.00,0.00,0.00,0.35
2.233,0.997,0.0,0.001,0.00,1.00,0.00,0.00,0.35
2.250,0.997,0.0,0.000,0.00,1.00,0.00,0.00,0.35
2.267,0.997,0.0,0.001,0.00,1.00,0.00,0.00,0.35
2.284,0.997,0.0,0.003,0.00,1.00,0.00,0.00,0.35
2.299,0.997,0.0,0.002,0.00,1.00,0.00,0.00,0.35
2.316,0.997,0.0,0.001,0.00,1.00,0.00,0.00,0.35
2.334,0.997,0.0,0.001,0.00,1.00,0.00,0.00,0.35
2.350,0.997,0.0,0.000,0.00,1.00,0.00,0.00,0.35
2.367,0.997,0.0,0.001,0.00,1.00,0.00,0.00,0.35
2.384,0.997,0.0,0.005,0.00,1.00,0.00,0.00,0.35
2.400,0.997,0.0,0.002,0.00,1.00,0.00,0.00,0.35
2.416,0.997,0.0,0.014,0.00,1.00,0.00,0.00,0.35
2.433,0.997,0.0,0.014,0.00,1.00,0.00,0.00,0.35
2.450,0.997,0.0,0.019,0.00,1.00,0.00,0.00,0.35
2.467,0.997,0.0,0.016,0.00,1.00,0.00,0.00,0.35
2.484,0.997,0.0,0.009,0.00,1.00,0.00,0.00,0.35
2.500,0.997,0.0,0.003,0.00,1.00,0.00,0.00,0.35
2.517,0.639,0.0,0.001,0.00,1.00,0.00,0.00,0.00
2.535,0.233,0.0,0.005,0.00,1.00,0.00,0.00,0.00
2.551,0.000,0.0,7.010,0.10,0.90,0.00,0.00,0.00
2.567,0.000,0.0,14.631,0.31,0.69,0.00,0.00,0.00
2.583,0.000,0.0,8.644,0.48,0.52,0.00,0.00,0.00
2.600,0.000,0.0,4.542,0.60,0.40,0.00,0.00,0.00
2.617,0.000,0.0,1.651,0.69,0.31,0.00,0.00,0.00
2.633,0.000,0.0,1.873,0.77,0.23,0.00,0.00,0.00
2.650,0.000,0.0,1.245,0.83,0.17,0.00,0.00,0.00
2.667,0.000,0.0,0.899,0.87,0.13,0.00,0.00,0.00
2.684,0.000,0.0,0.673,0.90,0.10,0.00,0.00,0.00
2.701,0.000,0.0,0.100,0.92,0.08,0.00,0.00,0.00
2.716,0.000,0.0,0.100,0.94,0.06,0.00,0.00,0.00
2.734,0.000,0.0,0.100,0.96,0.04,0.00,0.00,0.00
2.750,0.000,0.0,0.100,0.97,0.03,0.00,0.00,0.00
2.767,0.000,0.0,0.100,0.97,0.03,0.00,0.00,0.00
2.784,0.000,0.0,0.100,0.98,0.02,0.00,0.00,0.00
2.800,0.000,0.0,0.100,0.99,0.01,0.00,0.00,0.00
2.817,0.000,0.0,0.100,0.99,0.01,0.00,0.00,0.00
2.834,0.000,0.0,0.100,0.99,0.01,0.00,0.00,0.00
2.851,0.000,0.0,0.100,0.99,0.01,0.00,0.00,0.00
2.867,0.000,0.0,0.100,1.00,0.00,0.00,0.00,0.00
2.884,0.000,0.0,0.100,1.00,0.00,0.00,0.00,0.00
2.900,0.000,0.0,0.100,1.00,0.00,0.00,0.00,0.00
2.917,0.000,0.0,0.100,1.00,0.00,0.00,0.00,0.00
2.934,0.000,0.0,0.100,1.00,0.00,0.00,0.00,0.00
2.950,0.000,0.0,0.100,1.00,0.00,0.00,0.00,0.00
2.967,0.000,0.0,0.100,1.00,0.00,0.00,0.00,0.00
2.984,0.000,0.0,0.100,1.00,0.00,0.00,0.00,0.00
3.000,0.000,0.0,0.100,1.00,0.00,0.00,0.00,0.00
3.017,0.000,0.0,0.100,1.00,0.00,0.00,0.00,0.00
3.033,0.000,0.0,0.100,1.00,0.00,0.00,0.00,0.00
3.049,0.000,0.0,0.100,1.00,0.00,0.00,0.00,0.00
3.067,0.000,0.0,0.100,1.00,0.00,0.00,0.00,0.00
3.084,0.000,0.0,0.100,1.00,0.00,0.00,0.00,0.00
3.100,0.000,0.0,0.100,1.00,0.00,0.00,0.00,0.00
3.117,0.000,0.0,0.100,1.00,0.00,0.00,0.00,0.00
3.133,0.000,0.0,0.100,1.00,0.00,0.00,0.00,0.00
3.150,0.000,0.0,0.100,1.00,0.00,0.00,0.00,0.00
3.167,0.000,0.0,0.100,1.00,0.00,0.00,0.00,0.00
3.183,0.000,0.0,0.100,1.00,0.00,0.00,0.00,0.00
3.200,0.000,0.0,0.100,1.00,0.00,0.00,0.00,0.00
3.217,0.000,0.0,0.100,1.00,0.00,0.00,0.00,0.00
3.234,0.000,0.0,0.100,1.00,0.00,0.00,0.00,0.00
3.250,0.000,0.0,0.100,1.00,0.00,0.00,0.00,0.00
3.267,0.000,0.0,0.100,1.00,0.00,0.00,0.00,0.00
3.283,0.000,0.0,0.100,1.00,0.00,0.00,0.00,0.00
3.300,0.000,0.0,0.100,1.00,0.00,0.00,0.00,0.00
3.318,0.000,0.0,0.100,1.00,0.00,0.00,0.00,0.00
3.334,0.000,0.0,0.100,1.00,0.00,0.00,0.00,0.00
3.350,0.000,0.0,0.100,1.00,0.00,0.00,0.00,0.00
3.367,0.000,0.0,0.100,1.00,0.00,0.00,0.00,0.00
3.383,0.000,0.0,0.100,1.00,0.00,0.00,0.00,0.00
3.401,0.000,0.0,0.100,1.00,0.00,0.00,0.00,0.00
3.417,0.000,0.0,0.100,1.00,0.00,0.00,0.00,0.00
3.434,0.000,0.0,0.100,1.00,0.00,0.00,0.00,0.00
3.450,0.000,0.0,0.100,1.00,0.00,0.00,0.00,0.00
3.467,0.000,0.0,0.100,1.00,0.00,0.00,0.00,0.00
3.483,0.000,0.0,0.100,1.00,0.00,0.00,0.00,0.00
3.500,0.000,0.0,0.100,1.00,0.00,0.00,0.00,0.00
3.517,0.000,0.0,0.100,1.00,0.00,0.00,0.00,0.00
3.534,0.230,11.8,0.100,1.00,0.00,0.00,0.00,0.55
3.550,0.464,23.9,5.244,0.86,0.14,0.00,0.00,0.55
3.567,0.693,35.7,8.308,0.65,0.35,0.00,0.00,0.55
3.584,0.936,48.1,9.960,0.49,0.51,0.00,0.00,0.55
3.600,1.158,59.6,10.683,0.37,0.63,0.00,0.00,0.55
3.617,1.341,71.9,10.853,0.28,0.72,0.00,0.00,0.55
3.634,1.341,84.1,10.309,0.21,0.79,0.00,0.00,0.55
3.650,1.341,90.0,9.748,0.16,0.84,0.00,0.00,0.55
3.667,1.341,90.0,6.029,0.12,0.88,0.00,0.00,0.55
3.684,1.341,90.0,2.087,0.09,0.91,0.00,0.00,0.55
3.700,1.341,90.0,1.612,0.07,0.93,0.00,0.00,0.55
3.717,1.341,90.0,1.231,0.05,0.95,0.00,0.00,0.55
3.733,1.341,90.0,1.009,0.04,0.96,0.00,0.00,0.55
3.750,1.341,90.0,0.509,0.03,0.97,0.00,0.00,0.55
3.767,1.341,90.0,0.207,0.02,0.98,0.00,0.00,0.55
3.784,1.341,90.0,0.100,0.02,0.98,0.00,0.00,0.55
3.800,1.341,90.0,0.100,0.01,0.99,0.00,0.00,0.55
3.817,1.341,90.0,0.100,0.01,0.99,0.00,0.00,0.55
3.834,1.341,90.0,0.100,0.01,0.99,0.00,0.00,0.55
3.850,1.341,90.0,0.100,0.01,0.99,0.00,0.00,0.55
3.867,1.341,90.0,0.100,0.00,1.00,0.00,0.00,0.55
3.884,1.341,90.0,0.100,0.00,1.00,0.00,0.00,0.55
3.902,1.341,90.0,0.100,0.00,1.00,0.00,0.00,0.55
3.917,1.341,90.0,0.100,0.00,1.00,0.00,0.00,0.55
3.933,1.341,90.0,0.100,0.00,1.00,0.00,0.00,0.55
3.951,1.341,90.0,0.100,0.00,1.00,0.00,0.00,0.55
3.966,1.341,90.0,0.100,0.00,1.00,0.00,0.00,0.55
3.984,1.341,90.0,0.100,0.00,1.00,0.00,0.00,0.55
4.001,1.341,90.0,0.100,0.00,1.00,0.00,0.00,0.55
4.018,1.341,90.0,0.100,0.00,1.00,0.00,0.00,0.55
4.035,1.341,90.0,0.100,0.00,1.00,0.00,0.00,0.55
4.051,1.341,90.0,0.100,0.00,1.00,0.00,0.00,0.55
4.068,1.341,90.0,0.100,0.00,1.00,0.00,0.00,0.55
4.084,1.341,90.0,0.100,0.00,1.00,0.00,0.00,0.55
4.099,1.341,90.0,0.100,0.00,1.00,0.00,0.00,0.55
4.117,1.341,90.0,0.100,0.00,1.00,0.00,0.00,0.55
4.135,1.341,90.0,0.100,0.00,1.00,0.00,0.00,0.55
4.151,1.341,90.0,0.100,0.00,1.00,0.00,0.00,0.55
4.170,1.341,90.0,0.100,0.00,1.00,0.00,0.00,0.55
4.185,1.341,90.0,0.100,0.00,1.00,0.00,0.00,0.55
4.201,1.341,90.0,0.100,0.00,1.00,0.00,0.00,0.55
4.217,1.341,90.0,0.100,0.00,1.00,0.00,0.00,0.55
4.234,1.341,90.0,0.133,0.00,1.00,0.00,0.00,0.55
4.250,1.341,90.0,0.100,0.00,1.00,0.00,0.00,0.55
4.267,1.341,90.0,0.100,0.00,1.00,0.00,0.00,0.55
4.283,1.341,90.0,0.100,0.00,1.00,0.00,0.00,0.55
4.300,1.341,90.0,0.100,0.00,1.00,0.00,0.00,0.55
4.317,1.341,90.0,0.100,0.00,1.00,0.00,0.00,0.55
4.334,1.341,90.0,0.100,0.00,1.00,0.00,0.00,0.55
4.349,1.341,90.0,0.100,0.00,1.00,0.00,0.00,0.55
4.367,1.341,90.0,0.100,0.00,1.00,0.00,0.00,0.55
4.383,1.341,90.0,0.100,0.00,1.00,0.00,0.00,0.55
4.400,1.341,90.0,0.100,0.00,1.00,0.00,0.00,0.55
4.417,1.341,90.0,0.100,0.00,1.00,0.00,0.00,0.55
4.433,1.341,90.0,0.100,0.00,1.00,0.00,0.00,0.55
4.449,1.341,90.0,0.100,0.00,1.00,0.00,0.00,0.55
4.467,1.341,90.0,0.100,0.00,1.00,0.00,0.00,0.55
4.484,1.341,90.0,0.100,0.00,1.00,0.00,0.00,0.55
4.499,1.341,90.0,0.100,0.00,1.00,0.00,0.00,0.55
4.517,1.341,90.0,0.100,0.00,1.00,0.00,0.00,0.55
4.534,1.341,90.0,0.100,0.00,1.00,0.00,0.00,0.55
4.550,1.341,90.0,0.100,0.00,1.00,0.00,0.00,0.55
4.566,1.341,90.0,0.100,0.00,1.00,0.00,0.00,0.55
4.583,1.341,90.0,0.100,0.00,1.00,0.00,0.00,0.55
4.601,1.341,90.0,0.100,0.00,1.00,0.00,0.00,0.55
4.617,1.341,90.0,0.100,0.00,1.00,0.00,0.00,0.55
4.634,1.341,90.0,0.100,0.00,1.00,0.00,0.00,0.55
4.650,1.341,90.0,0.100,0.00,1.00,0.00,0.00,0.55
4.667,1.341,90.0,0.100,0.00,1.00,0.00,0.00,0.55
4.684,1.341,90.0,0.100,0.00,1.00,0.00,0.00,0.55
4.700,1.341,90.0,0.100,0.00,1.00,0.00,0.00,0.55
4.717,1.341,90.0,0.100,0.00,1.00,0.00,0.00,0.55
4.733,1.341,90.0,0.103,0.00,1.00,0.00,0.00,0.55
4.750,1.341,90.0,0.170,0.00,1.00,0.00,0.00,0.55
4.766,1.341,90.0,0.100,0.00,1.00,0.00,0.00,0.55
4.784,1.341,90.0,0.100,0.00,1.00,0.00,0.00,0.55
4.800,1.341,90.0,0.100,0.00,1.00,0.00,0.00,0.55
4.817,1.341,90.0,0.100,0.00,1.00,0.00,0.00,0.55
4.834,1.341,90.0,0.100,0.00,1.00,0.00,0.00,0.55
4.851,1.341,90.0,0.100,0.00,1.00,0.00,0.00,0.55
4.868,1.341,90.0,0.100,0.00,1.00,0.00,0.00,0.55
4.885,1.341,90.0,0.100,0.00,1.00,0.00,0.00,0.55
4.901,1.341,90.0,0.100,0.00,1.00,0.00,0.00,0.55
4.927,1.341,90.0,0.100,0.00,1.00,0.00,0.00,0.55
4.934,1.341,90.0,0.100,0.00,1.00,0.00,0.00,0.55
4.950,1.341,90.0,0.100,0.00,1.00,0.00,0.00,0.55
4.967,1.341,90.0,0.100,0.00,1.00,0.00,0.00,0.55
4.984,1.341,90.0,0.100,0.00,1.00,0.00,0.00,0.55
5.000,1.341,90.0,0.100,0.00,1.00,0.00,0.00,0.55
5.017,1.341,90.0,0.100,0.00,1.00,0.00,0.00,0.55
5.034,1.341,90.0,0.100,0.00,1.00,0.00,0.00,0.55
5.050,1.341,90.0,0.100,0.00,1.00,0.00,0.00,0.55
5.067,1.341,90.0,0.100,0.00,1.00,0.00,0.00,0.55
5.084,1.341,90.0,0.100,0.00,1.00,0.00,0.00,0.55
5.100,1.341,90.0,0.100,0.00,1.00,0.00,0.00,0.55
5.117,1.341,90.0,0.100,0.00,1.00,0.00,0.00,0.55
5.133,1.341,90.0,0.100,0.00,1.00,0.00,0.00,0.55
5.151,1.341,90.0,0.100,0.00,1.00,0.00,0.00,0.55
5.167,1.341,90.0,0.100,0.00,1.00,0.00,0.00,0.55
5.183,1.341,90.0,0.100,0.00,1.00,0.00,0.00,0.55
5.200,1.341,90.0,0.100,0.00,1.00,0.00,0.00,0.55
5.217,1.341,90.0,0.100,0.00,1.00,0.00,0.00,0.55
5.233,1.341,90.0,0.101,0.00,1.00,0.00,0.00,0.55
5.250,1.341,90.0,0.100,0.00,1.00,0.00,0.00,0.55
5.266,1.341,90.0,0.100,0.00,1.00,0.00,0.00,0.55
5.284,1.341,90.0,0.100,0.00,1.00,0.00,0.00,0.55
5.300,1.341,90.0,0.100,0.00,1.00,0.00,0.00,0.55
5.317,1.341,90.0,0.100,0.00,1.00,0.00,0.00,0.55
5.334,1.341,90.0,0.100,0.00,1.00,0.00,0.00,0.55
5.350,1.341,90.0,0.100,0.00,1.00,0.00,0.00,0.55
5.367,1.341,90.0,0.100,0.00,1.00,0.00,0.00,0.55
5.384,1.341,90.0,0.100,0.00,1.00,0.00,0.00,0.55
5.400,1.341,90.0,0.100,0.00,1.00,0.00,0.00,0.55
5.417,1.341,90.0,0.100,0.00,1.00,0.00,0.00,0.55
5.434,1.341,90.0,0.100,0.00,1.00,0.00,0.00,0.55
5.450,1.341,90.0,0.100,0.00,1.00,0.00,0.00,0.55
5.467,1.341,90.0,0.100,0.00,1.00,0.00,0.00,0.55
5.484,1.341,90.0,0.100,0.00,1.00,0.00,0.00,0.55
5.501,1.341,90.0,0.100,0.00,1.00,0.00,0.00,0.55
5.517,1.341,90.0,0.100,0.00,1.00,0.00,0.00,0.55
5.533,1.341,90.0,0.100,0.00,1.00,0.00,0.00,0.55
5.550,1.269,100.1,0.100,0.00,1.00,0.00,0.00,0.80
5.566,1.241,110.5,0.100,0.00,1.00,0.00,0.00,0.80
5.584,1.257,121.8,0.100,0.00,1.00,0.00,0.00,0.80
5.602,1.320,132.5,0.100,0.00,1.00,0.00,0.00,0.80
5.617,1.409,140.8,0.100,0.00,1.00,0.00,0.00,0.80
5.633,1.530,148.3,0.100,0.00,1.00,0.00,0.00,0.80
5.650,1.682,154.9,0.100,0.00,1.00,0.00,0.00,0.80
5.667,1.846,160.2,0.100,0.00,1.00,0.00,0.00,0.80
5.684,2.025,164.7,0.100,0.00,0.97,0.03,0.00,0.80
5.700,2.214,168.4,0.000,0.00,0.89,0.11,0.00,0.80
5.717,2.411,171.5,2.219,0.00,0.78,0.22,0.00,0.80
5.734,2.615,174.1,0.100,0.00,0.63,0.37,0.00,0.80
5.750,2.822,176.4,0.100,0.00,0.48,0.52,0.00,0.80
5.767,3.030,178.3,0.100,0.00,0.36,0.64,0.00,0.80
5.784,3.248,180.0,0.100,0.00,0.28,0.72,0.00,0.80
5.800,3.250,180.0,0.100,0.00,0.21,0.79,0.00,0.80
5.817,3.250,180.0,0.100,0.00,0.16,0.84,0.00,0.80
5.834,3.250,180.0,0.100,0.00,0.12,0.88,0.00,0.80
5.850,3.250,180.0,0.100,0.00,0.09,0.91,0.00,0.80
5.867,3.250,180.0,0.100,0.00,0.07,0.93,0.00,0.80
5.883,3.250,180.0,0.100,0.00,0.05,0.95,0.00,0.80
5.901,3.250,180.0,0.000,0.00,0.04,0.96,0.00,0.80
5.917,3.250,180.0,0.000,0.00,0.03,0.97,0.00,0.80
5.933,3.250,180.0,0.000,0.00,0.02,0.98,0.00,0.80
5.950,3.250,180.0,1.640,0.00,0.02,0.98,0.00,0.80
5.967,3.250,180.0,0.100,0.00,0.01,0.99,0.00,0.80
5.984,3.250,180.0,0.100,0.00,0.01,0.99,0.00,0.80
6.000,3.250,180.0,0.100,0.00,0.01,0.99,0.00,0.80
6.017,3.250,180.0,0.100,0.00,0.01,0.99,0.00,0.80
6.034,3.250,180.0,0.100,0.00,0.00,1.00,0.00,0.80
6.050,3.250,180.0,0.100,0.00,0.00,1.00,0.00,0.80
6.067,3.250,180.0,0.100,0.00,0.00,1.00,0.00,0.80
6.084,3.250,180.0,0.100,0.00,0.00,1.00,0.00,0.80
6.100,3.250,180.0,0.100,0.00,0.00,1.00,0.00,0.80
6.117,3.250,180.0,0.100,0.00,0.00,1.00,0.00,0.80
6.133,3.250,180.0,0.100,0.00,0.00,1.00,0.00,0.80
6.150,3.250,180.0,0.100,0.00,0.00,1.00,0.00,0.80
6.166,3.250,180.0,0.000,0.00,0.00,1.00,0.00,0.80
6.184,3.250,180.0,0.000,0.00,0.00,1.00,0.00,0.80
6.200,3.250,180.0,0.000,0.00,0.00,1.00,0.00,0.80
6.217,3.250,180.0,0.000,0.00,0.00,1.00,0.00,0.80
6.234,3.250,180.0,0.928,0.00,0.00,1.00,0.00,0.80
6.250,3.250,180.0,0.100,0.00,0.00,1.00,0.00,0.80
6.266,3.250,180.0,0.100,0.00,0.00,1.00,0.00,0.80
6.283,3.250,180.0,0.100,0.00,0.00,1.00,0.00,0.80
6.300,3.250,180.0,0.100,0.00,0.00,1.00,0.00,0.80
6.316,3.250,180.0,0.100,0.00,0.00,1.00,0.00,0.80
6.333,3.250,180.0,0.100,0.00,0.00,1.00,0.00,0.80
6.351,3.250,180.0,0.100,0.00,0.00,1.00,0.00,0.80
6.366,3.250,180.0,0.100,0.00,0.00,1.00,0.00,0.80
6.383,3.250,180.0,0.100,0.00,0.00,1.00,0.00,0.80
6.400,3.250,180.0,0.100,0.00,0.00,1.00,0.00,0.80
6.417,3.250,180.0,0.100,0.00,0.00,1.00,0.00,0.80
6.434,3.250,180.0,0.100,0.00,0.00,1.00,0.00,0.80
6.450,3.250,180.0,0.100,0.00,0.00,1.00,0.00,0.80
6.467,3.250,180.0,0.000,0.00,0.00,1.00,0.00,0.80
6.484,3.250,180.0,0.000,0.00,0.00,1.00,0.00,0.80
6.500,3.250,180.0,0.000,0.00,0.00,1.00,0.00,0.80
6.517,3.250,180.0,1.510,0.00,0.00,1.00,0.00,0.80
6.534,3.250,180.0,0.100,0.00,0.00,1.00,0.00,0.80
6.550,3.250,180.0,0.100,0.00,0.00,1.00,0.00,0.80
6.567,3.250,180.0,0.100,0.00,0.00,1.00,0.00,0.80
6.584,3.250,180.0,0.100,0.00,0.00,1.00,0.00,0.80
6.600,3.250,180.0,0.100,0.00,0.00,1.00,0.00,0.80
6.617,3.250,180.0,0.100,0.00,0.00,1.00,0.00,0.80
6.633,3.250,180.0,0.100,0.00,0.00,1.00,0.00,0.80
6.650,3.250,180.0,0.100,0.00,0.00,1.00,0.00,0.80
6.667,3.250,180.0,0.100,0.00,0.00,1.00,0.00,0.80
6.683,3.250,180.0,0.100,0.00,0.00,1.00,0.00,0.80
6.700,3.250,180.0,0.100,0.00,0.00,1.00,0.00,0.80
6.717,3.250,180.0,0.100,0.00,0.00,1.00,0.00,0.80
6.734,3.250,180.0,0.000,0.00,0.00,1.00,0.00,0.80
6.750,3.250,180.0,0.000,0.00,0.00,1.00,0.00,0.80
6.767,3.250,180.0,0.000,0.00,0.00,1.00,0.00,0.80
6.783,3.250,180.0,0.000,0.00,0.00,1.00,0.00,0.80
6.800,3.250,180.0,1.005,0.00,0.00,1.00,0.00,0.80
6.817,3.250,180.0,0.079,0.00,0.00,1.00,0.00,0.80
6.834,3.250,180.0,0.079,0.00,0.00,1.00,0.00,0.80
6.850,3.250,180.0,0.074,0.00,0.00,1.00,0.00,0.80
6.867,3.250,180.0,0.020,0.00,0.00,1.00,0.00,0.80
6.884,3.250,180.0,0.019,0.00,0.00,1.00,0.00,0.80
6.900,3.250,180.0,0.011,0.00,0.00,1.00,0.00,0.80
6.917,3.250,180.0,0.011,0.00,0.00,1.00,0.00,0.80
6.933,3.250,180.0,0.007,0.00,0.00,1.00,0.00,0.80
6.950,3.250,180.0,0.007,0.00,0.00,1.00,0.00,0.80
6.967,3.250,180.0,0.012,0.00,0.00,1.00,0.00,0.80
6.983,3.250,180.0,0.013,0.00,0.00,1.00,0.00,0.80
7.000,3.250,180.0,0.097,0.00,0.00,1.00,0.00,0.80
7.017,3.250,180.0,0.094,0.00,0.00,1.00,0.00,0.80
7.034,3.250,180.0,0.000,0.00,0.00,1.00,0.00,0.80
7.050,3.250,180.0,0.000,0.00,0.00,1.00,0.00,0.80
7.067,3.250,180.0,0.000,0.00,0.00,1.00,0.00,0.80
7.083,3.250,180.0,1.588,0.00,0.00,1.00,0.00,0.80
7.100,3.250,180.0,0.059,0.00,0.00,1.00,0.00,0.80
7.117,3.250,180.0,0.056,0.00,0.00,1.00,0.00,0.80
7.134,3.250,180.0,0.010,0.00,0.00,1.00,0.00,0.80
7.150,3.250,180.0,0.009,0.00,0.00,1.00,0.00,0.80
7.166,3.250,180.0,0.015,0.00,0.00,1.00,0.00,0.80
7.183,3.250,180.0,0.012,0.00,0.00,1.00,0.00,0.80
7.200,3.250,180.0,0.008,0.00,0.00,1.00,0.00,0.80
7.217,3.250,180.0,0.007,0.00,0.00,1.00,0.00,0.80
7.233,3.250,180.0,0.013,0.00,0.00,1.00,0.00,0.80
7.250,3.250,180.0,0.012,0.00,0.00,1.00,0.00,0.80
7.267,3.250,180.0,0.005,0.00,0.00,1.00,0.00,0.80
7.284,3.250,180.0,0.005,0.00,0.00,1.00,0.00,0.80
7.300,3.250,180.0,0.000,0.00,0.00,1.00,0.00,0.80
7.317,3.250,180.0,0.000,0.00,0.00,1.00,0.00,0.80
7.333,3.250,180.0,0.000,0.00,0.00,1.00,0.00,0.80
7.350,3.250,180.0,0.000,0.00,0.00,1.00,0.00,0.80
7.367,3.250,180.0,1.070,0.00,0.00,1.00,0.00,0.80
7.383,3.250,180.0,0.081,0.00,0.00,1.00,0.00,0.80
7.400,3.250,180.0,0.081,0.00,0.00,1.00,0.00,0.80
7.416,3.250,180.0,0.074,0.00,0.00,1.00,0.00,0.80
7.434,3.250,180.0,0.020,0.00,0.00,1.00,0.00,0.80
7.450,3.250,180.0,0.018,0.00,0.00,1.00,0.00,0.80
7.467,3.250,180.0,0.011,0.00,0.00,1.00,0.00,0.80
7.483,3.250,180.0,0.011,0.00,0.00,1.00,0.00,0.80
7.500,3.250,180.0,0.006,0.00,0.00,1.00,0.00,0.80
7.517,3.250,180.0,0.006,0.00,0.00,1.00,0.00,0.80
7.534,3.250,180.0,0.012,0.00,0.00,1.00,0.00,0.80
7.550,3.004,-175.1,0.013,0.00,0.00,1.00,0.00,0.80
7.567,2.856,-171.4,0.100,0.00,0.00,1.00,0.00,0.80
7.584,2.726,-167.5,0.100,0.00,0.00,1.00,0.00,0.80
7.599,2.613,-163.4,0.000,0.00,0.00,1.00,0.00,0.80
7.617,2.505,-158.4,0.000,0.00,0.00,1.00,0.00,0.80
7.633,2.424,-153.6,0.000,0.00,0.01,0.99,0.00,0.80
7.650,2.359,-148.0,0.000,0.00,0.05,0.95,0.00,0.80
7.667,2.318,-142.5,2.746,0.00,0.10,0.90,0.00,0.80
7.684,2.299,-136.6,0.100,0.00,0.14,0.86,0.00,0.80
7.701,2.305,-130.7,0.100,0.00,0.18,0.82,0.00,0.80
7.717,2.332,-125.2,0.100,0.00,0.21,0.79,0.00,0.80
7.734,2.385,-119.5,0.100,0.00,0.23,0.77,0.00,0.80
7.750,2.457,-114.3,0.100,0.00,0.22,0.78,0.00,0.80
7.767,2.548,-109.4,0.100,0.00,0.20,0.80,0.00,0.80
7.783,2.656,-104.9,0.100,0.00,0.15,0.85,0.00,0.80
7.801,2.784,-100.6,0.100,0.00,0.11,0.89,0.00,0.80
7.817,2.918,-97.0,0.100,0.00,0.09,0.91,0.00,0.80
7.834,3.073,-93.4,0.100,0.00,0.07,0.93,0.00,0.80
7.850,3.223,-90.5,0.100,0.00,0.05,0.95,0.00,0.80
7.866,3.250,-90.0,0.100,0.00,0.04,0.96,0.00,0.80
7.884,3.250,-90.0,0.100,0.00,0.03,0.97,0.00,0.80
7.900,3.250,-90.0,0.100,0.00,0.02,0.98,0.00,0.80
7.917,3.250,-90.0,0.100,0.00,0.02,0.98,0.00,0.80
7.934,3.250,-90.0,0.000,0.00,0.01,0.99,0.00,0.80
7.950,3.250,-90.0,0.000,0.00,0.01,0.99,0.00,0.80
7.966,3.250,-90.0,0.000,0.00,0.01,0.99,0.00,0.80
7.983,3.250,-90.0,0.000,0.00,0.01,0.99,0.00,0.80
8.000,3.250,-90.0,0.649,0.00,0.00,1.00,0.00,0.80
8.017,3.250,-90.0,0.100,0.00,0.00,1.00,0.00,0.80
8.034,3.250,-90.0,0.100,0.00,0.00,1.00,0.00,0.80
8.050,3.250,-90.0,0.100,0.00,0.00,1.00,0.00,0.80
8.067,3.250,-90.0,0.100,0.00,0.00,1.00,0.00,0.80
8.083,3.250,-90.0,0.100,0.00,0.00,1.00,0.00,0.80
8.100,3.250,-90.0,0.100,0.00,0.00,1.00,0.00,0.80
8.117,3.250,-90.0,0.100,0.00,0.00,1.00,0.00,0.80
8.134,3.250,-90.0,0.100,0.00,0.00,1.00,0.00,0.80
8.151,3.250,-90.0,0.100,0.00,0.00,1.00,0.00,0.80
8.167,3.250,-90.0,0.100,0.00,0.00,1.00,0.00,0.80
8.184,3.250,-90.0,0.100,0.00,0.00,1.00,0.00,0.80
8.200,3.250,-90.0,0.100,0.00,0.00,1.00,0.00,0.80
8.218,3.250,-90.0,0.000,0.00,0.00,1.00,0.00,0.80
8.233,3.250,-90.0,0.000,0.00,0.00,1.00,0.00,0.80
8.250,3.250,-90.0,0.000,0.00,0.00,1.00,0.00,0.80
8.267,3.250,-90.0,0.000,0.00,0.00,1.00,0.00,0.80
8.284,3.250,-90.0,1.223,0.00,0.00,1.00,0.00,0.80
8.300,3.250,-90.0,0.100,0.00,0.00,1.00,0.00,0.80
8.317,3.250,-90.0,0.100,0.00,0.00,1.00,0.00,0.80
8.334,3.250,-90.0,0.100,0.00,0.00,1.00,0.00,0.80
8.350,3.250,-90.0,0.100,0.00,0.00,1.00,0.00,0.80
8.367,3.250,-90.0,0.100,0.00,0.00,1.00,0.00,0.80
8.384,3.250,-90.0,0.100,0.00,0.00,1.00,0.00,0.80
8.400,3.250,-90.0,0.100,0.00,0.00,1.00,0.00,0.80
8.417,3.250,-90.0,0.100,0.00,0.00,1.00,0.00,0.80
8.433,3.250,-90.0,0.100,0.00,0.00,1.00,0.00,0.80
8.450,3.250,-90.0,0.100,0.00,0.00,1.00,0.00,0.80
8.466,3.250,-90.0,0.100,0.00,0.00,1.00,0.00,0.80
8.484,3.250,-90.0,0.100,0.00,0.00,1.00,0.00,0.80
8.500,3.250,-90.0,0.000,0.00,0.00,1.00,0.00,0.80
8.517,3.250,-90.0,0.000,0.00,0.00,1.00,0.00,0.80
8.533,3.250,-90.0,0.000,0.00,0.00,1.00,0.00,0.80
8.550,3.250,-90.0,0.000,0.00,0.00,1.00,0.00,0.80
8.567,3.250,-90.0,0.545,0.00,0.00,1.00,0.00,0.80
8.584,3.250,-90.0,0.100,0.00,0.00,1.00,0.00,0.80
8.600,3.250,-90.0,0.013,0.00,0.00,1.00,0.00,0.80
8.617,3.250,-90.0,0.056,0.00,0.00,1.00,0.00,0.80
8.634,3.250,-90.0,0.018,0.00,0.00,1.00,0.00,0.80
8.650,3.250,-90.0,0.026,0.00,0.00,1.00,0.00,0.80
8.666,3.250,-90.0,0.013,0.00,0.00,1.00,0.00,0.80
8.683,3.250,-90.0,0.009,0.00,0.00,1.00,0.00,0.80
8.700,3.250,-90.0,0.013,0.00,0.00,1.00,0.00,0.80
8.718,3.250,-90.0,0.019,0.00,0.00,1.00,0.00,0.80
8.734,3.250,-90.0,0.014,0.00,0.00,1.00,0.00,0.80
8.750,3.250,-90.0,0.003,0.00,0.00,1.00,0.00,0.80
8.767,3.250,-90.0,0.100,0.00,0.00,1.00,0.00,0.80
8.784,3.250,-90.0,0.000,0.00,0.00,1.00,0.00,0.80
8.800,3.250,-90.0,0.000,0.00,0.00,1.00,0.00,0.80
8.817,3.250,-90.0,0.000,0.00,0.00,1.00,0.00,0.80
8.834,3.250,-90.0,0.000,0.00,0.00,1.00,0.00,0.80
8.850,3.250,-90.0,1.174,0.00,0.00,1.00,0.00,0.80
8.867,3.250,-90.0,0.011,0.00,0.00,1.00,0.00,0.80
8.884,3.250,-90.0,0.043,0.00,0.00,1.00,0.00,0.80
8.900,3.250,-90.0,0.012,0.00,0.00,1.00,0.00,0.80
8.916,3.250,-90.0,0.011,0.00,0.00,1.00,0.00,0.80
8.934,3.250,-90.0,0.019,0.00,0.00,1.00,0.00,0.80
8.950,3.250,-90.0,0.022,0.00,0.00,1.00,0.00,0.80
8.967,3.250,-90.0,0.009,0.00,0.00,1.00,0.00,0.80
8.983,3.250,-90.0,0.007,0.00,0.00,1.00,0.00,0.80
9.000,3.250,-90.0,0.013,0.00,0.00,1.00,0.00,0.80
9.016,3.250,-90.0,0.017,0.00,0.00,1.00,0.00,0.80
9.034,3.250,-90.0,0.027,0.00,0.00,1.00,0.00,0.80
9.050,2.883,-90.0,0.031,0.00,0.00,1.00,0.00,0.00
9.069,2.471,-90.0,0.000,0.00,0.00,1.00,0.00,0.00
9.084,2.150,-90.0,0.000,0.00,0.03,0.97,0.00,0.00
9.100,1.793,-90.0,0.000,0.00,0.13,0.87,0.00,0.00
9.117,1.422,-90.0,0.000,0.00,0.32,0.68,0.00,0.00
9.134,1.050,-90.0,0.000,0.00,0.49,0.51,0.00,0.00
9.150,0.683,-90.0,0.000,0.00,0.61,0.39,0.00,0.00
9.167,0.317,-90.0,0.000,0.00,0.71,0.29,0.00,0.00
9.184,0.000,-90.0,1.398,0.03,0.75,0.22,0.00,0.00
9.200,0.000,-90.0,9.758,0.26,0.57,0.17,0.00,0.00
9.217,0.000,-90.0,10.111,0.44,0.43,0.13,0.00,0.00
9.234,0.000,-90.0,5.632,0.58,0.33,0.10,0.00,0.00
9.250,0.000,-90.0,3.062,0.68,0.25,0.07,0.00,0.00
9.267,0.000,-90.0,1.921,0.76,0.19,0.06,0.00,0.00
9.283,0.000,-90.0,1.239,0.82,0.14,0.04,0.00,0.00
9.300,0.000,-90.0,0.878,0.86,0.11,0.03,0.00,0.00
9.317,0.000,-90.0,0.660,0.89,0.08,0.02,0.00,0.00
9.335,0.000,-90.0,0.507,0.92,0.06,0.02,0.00,0.00
9.350,0.000,-90.0,0.100,0.94,0.05,0.01,0.00,0.00
9.367,0.000,-90.0,0.100,0.95,0.04,0.01,0.00,0.00
9.383,0.000,-90.0,0.100,0.97,0.03,0.01,0.00,0.00
9.400,0.000,-90.0,0.100,0.97,0.02,0.01,0.00,0.00
9.417,0.000,-90.0,0.100,0.98,0.02,0.00,0.00,0.00
9.433,0.000,-90.0,0.100,0.98,0.01,0.00,0.00,0.00
9.450,0.000,-90.0,0.100,0.99,0.01,0.00,0.00,0.00
9.467,0.000,-90.0,0.100,0.99,0.01,0.00,0.00,0.00
9.484,0.000,-90.0,0.100,0.99,0.01,0.00,0.00,0.00
9.500,0.000,-90.0,0.100,1.00,0.00,0.00,0.00,0.00
9.517,0.000,-90.0,0.100,1.00,0.00,0.00,0.00,0.00
9.534,0.000,-90.0,0.100,1.00,0.00,0.00,0.00,0.00
9.550,0.000,-90.0,0.100,1.00,0.00,0.00,0.00,0.00
9.567,0.000,-90.0,0.100,1.00,0.00,0.00,0.00,0.00
9.583,0.000,-90.0,0.100,1.00,0.00,0.00,0.00,0.00
9.600,0.000,-90.0,0.100,1.00,0.00,0.00,0.00,0.00
9.616,0.000,-90.0,0.100,1.00,0.00,0.00,0.00,0.00
9.633,0.000,-90.0,0.100,1.00,0.00,0.00,0.00,0.00
9.650,0.000,-90.0,0.100,1.00,0.00,0.00,0.00,0.00
9.667,0.000,-90.0,0.100,1.00,0.00,0.00,0.00,0.00
9.683,0.000,-90.0,0.100,1.00,0.00,0.00,0.00,0.00
9.700,0.000,-90.0,0.100,1.00,0.00,0.00,0.00,0.00
9.717,0.000,-90.0,0.100,1.00,0.00,0.00,0.00,0.00
9.734,0.000,-90.0,0.100,1.00,0.00,0.00,0.00,0.00
9.750,0.000,-90.0,0.100,1.00,0.00,0.00,0.00,0.00
9.767,0.000,-90.0,0.100,1.00,0.00,0.00,0.00,0.00
9.783,0.000,-90.0,0.100,1.00,0.00,0.00,0.00,0.00
9.800,0.000,-90.0,0.100,1.00,0.00,0.00,0.00,0.00
9.816,0.000,-90.0,0.100,1.00,0.00,0.00,0.00,0.00
9.834,0.000,-90.0,0.100,1.00,0.00,0.00,0.00,0.00
9.850,0.232,-78.0,0.100,1.00,0.00,0.00,0.00,0.50
9.867,0.465,-66.1,4.396,0.85,0.15,0.00,0.00,0.50
9.884,0.699,-54.1,3.650,0.65,0.35,0.00,0.00,0.50
9.900,0.934,-45.0,2.209,0.49,0.51,0.00,0.00,0.50
9.917,1.162,-45.0,0.100,0.37,0.63,0.00,0.00,0.50
9.934,1.255,-45.0,0.100,0.28,0.72,0.00,0.00,0.50
9.950,1.255,-45.0,0.100,0.21,0.79,0.00,0.00,0.50
9.967,1.255,-45.0,0.100,0.16,0.84,0.00,0.00,0.50
9.984,1.255,-45.0,0.100,0.12,0.88,0.00,0.00,0.50
10.000,1.255,-45.0,0.100,0.09,0.91,0.00,0.00,0.50
10.017,1.255,-45.0,0.100,0.07,0.93,0.00,0.00,0.50
10.034,1.255,-45.0,0.100,0.05,0.95,0.00,0.00,0.50
10.050,1.255,-45.0,0.100,0.04,0.96,0.00,0.00,0.50
10.067,1.255,-45.0,0.100,0.03,0.97,0.00,0.00,0.50
10.083,1.255,-45.0,0.100,0.02,0.98,0.00,0.00,0.50
10.101,1.255,-45.0,0.100,0.02,0.98,0.00,0.00,0.50
10.117,1.255,-45.0,0.100,0.01,0.99,0.00,0.00,0.50
10.133,1.255,-45.0,0.100,0.01,0.99,0.00,0.00,0.50
10.150,1.255,-45.0,0.278,0.01,0.99,0.00,0.00,0.50
10.167,1.255,-45.0,0.276,0.01,0.99,0.00,0.00,0.50
10.183,1.255,-45.0,0.100,0.00,1.00,0.00,0.00,0.50
10.200,1.255,-45.0,0.149,0.00,1.00,0.00,0.00,0.50
10.217,1.255,-45.0,0.100,0.00,1.00,0.00,0.00,0.50
10.234,1.255,-45.0,0.100,0.00,1.00,0.00,0.00,0.50
10.250,1.255,-45.0,0.100,0.00,1.00,0.00,0.00,0.50
10.267,1.255,-45.0,0.100,0.00,1.00,0.00,0.00,0.50
10.284,1.255,-45.0,0.100,0.00,1.00,0.00,0.00,0.50
10.300,1.255,-45.0,0.100,0.00,1.00,0.00,0.00,0.50
10.317,1.255,-45.0,0.100,0.00,1.00,0.00,0.00,0.50
10.334,1.255,-45.0,0.100,0.00,1.00,0.00,0.00,0.50
10.350,1.255,-45.0,0.100,0.00,1.00,0.00,0.00,0.50
10.367,1.255,-45.0,0.100,0.00,1.00,0.00,0.00,0.50
10.384,1.255,-45.0,0.100,0.00,1.00,0.00,0.00,0.50
10.400,1.255,-45.0,0.100,0.00,1.00,0.00,0.00,0.50
10.417,1.255,-45.0,0.100,0.00,1.00,0.00,0.00,0.50
10.434,1.255,-45.0,0.100,0.00,1.00,0.00,0.00,0.50
10.450,1.255,-45.0,0.100,0.00,1.00,0.00,0.00,0.50
10.467,1.255,-45.0,0.100,0.00,1.00,0.00,0.00,0.50
10.483,1.255,-45.0,0.100,0.00,1.00,0.00,0.00,0.50
10.500,1.255,-45.0,0.100,0.00,1.00,0.00,0.00,0.50
10.517,1.255,-45.0,0.100,0.00,1.00,0.00,0.00,0.50
10.534,1.255,-45.0,0.100,0.00,1.00,0.00,0.00,0.50
10.550,1.255,-45.0,0.100,0.00,1.00,0.00,0.00,0.50
10.567,1.255,-45.0,0.100,0.00,1.00,0.00,0.00,0.50
10.583,1.255,-45.0,0.100,0.00,1.00,0.00,0.00,0.50
10.600,1.255,-45.0,0.100,0.00,1.00,0.00,0.00,0.50
10.617,1.255,-45.0,0.100,0.00,1.00,0.00,0.00,0.50
10.634,1.255,-45.0,0.100,0.00,1.00,0.00,0.00,0.50
10.650,1.255,-45.0,0.100,0.00,1.00,0.00,0.00,0.50
10.668,1.255,-45.0,0.100,0.00,1.00,0.00,0.00,0.50
10.684,1.255,-45.0,0.100,0.00,1.00,0.00,0.00,0.50
10.700,1.255,-45.0,0.100,0.00,1.00,0.00,0.00,0.50
10.717,1.255,-45.0,0.100,0.00,1.00,0.00,0.00,0.50
10.734,1.255,-45.0,0.100,0.00,1.00,0.00,0.00,0.50
10.750,1.255,-45.0,0.387,0.00,1.00,0.00,0.00,0.50
10.767,1.255,-45.0,0.100,0.00,1.00,0.00,0.00,0.50
10.784,1.255,-45.0,0.100,0.00,1.00,0.00,0.00,0.50
10.800,1.255,-45.0,0.100,0.00,1.00,0.00,0.00,0.50
10.817,1.255,-45.0,0.100,0.00,1.00,0.00,0.00,0.50
10.834,1.255,-45.0,0.100,0.00,1.00,0.00,0.00,0.50
10.850,1.255,-45.0,0.100,0.00,1.00,0.00,0.00,0.50
10.867,1.255,-45.0,0.100,0.00,1.00,0.00,0.00,0.50
10.883,1.255,-45.0,0.100,0.00,1.00,0.00,0.00,0.50
10.900,1.255,-45.0,0.100,0.00,1.00,0.00,0.00,0.50
10.917,1.255,-45.0,0.100,0.00,1.00,0.00,0.00,0.50
10.934,1.255,-45.0,0.100,0.00,1.00,0.00,0.00,0.50
10.949,1.255,-45.0,0.100,0.00,1.00,0.00,0.00,0.50
10.967,1.255,-45.0,0.100,0.00,1.00,0.00,0.00,0.50
10.984,1.255,-45.0,0.100,0.00,1.00,0.00,0.00,0.50
11.000,1.255,-45.0,0.100,0.00,1.00,0.00,0.00,0.50
11.017,1.255,-45.0,0.100,0.00,1.00,0.00,0.00,0.50
11.033,1.255,-45.0,0.100,0.00,1.00,0.00,0.00,0.50
11.050,1.255,-45.0,0.100,0.00,1.00,0.00,0.00,0.50
11.067,1.255,-45.0,0.100,0.00,1.00,0.00,0.00,0.50
11.084,1.255,-45.0,0.100,0.00,1.00,0.00,0.00,0.50
11.099,1.255,-45.0,0.100,0.00,1.00,0.00,0.00,0.50
11.117,1.255,-45.0,0.100,0.00,1.00,0.00,0.00,0.50
11.134,1.255,-45.0,0.100,0.00,1.00,0.00,0.00,0.50
11.150,1.255,-45.0,0.100,0.00,1.00,0.00,0.00,0.50
11.167,1.255,-45.0,0.100,0.00,1.00,0.00,0.00,0.50
11.184,1.255,-45.0,0.100,0.00,1.00,0.00,0.00,0.50
11.200,1.255,-45.0,0.100,0.00,1.00,0.00,0.00,0.50
11.217,1.255,-45.0,0.100,0.00,1.00,0.00,0.00,0.50
11.234,1.255,-45.0,0.100,0.00,1.00,0.00,0.00,0.50
11.250,1.255,-45.0,0.111,0.00,1.00,0.00,0.00,0.50
11.267,1.255,-45.0,0.100,0.00,1.00,0.00,0.00,0.50
11.284,1.255,-45.0,0.188,0.00,1.00,0.00,0.00,0.50
11.300,1.255,-45.0,0.296,0.00,1.00,0.00,0.00,0.50
11.317,1.255,-45.0,0.100,0.00,1.00,0.00,0.00,0.50
11.334,1.255,-45.0,0.100,0.00,1.00,0.00,0.00,0.50
11.350,1.255,-45.0,0.100,0.00,1.00,0.00,0.00,0.50
11.367,1.255,-45.0,0.100,0.00,1.00,0.00,0.00,0.50
11.384,1.255,-45.0,0.100,0.00,1.00,0.00,0.00,0.50
11.400,1.255,-45.0,0.100,0.00,1.00,0.00,0.00,0.50
11.417,1.255,-45.0,0.100,0.00,1.00,0.00,0.00,0.50
11.434,1.255,-45.0,0.100,0.00,1.00,0.00,0.00,0.50
11.450,1.255,-45.0,0.100,0.00,1.00,0.00,0.00,0.50
11.467,1.255,-45.0,0.100,0.00,1.00,0.00,0.00,0.50
11.483,1.255,-45.0,0.100,0.00,1.00,0.00,0.00,0.50
11.500,1.255,-45.0,0.100,0.00,1.00,0.00,0.00,0.50
11.517,1.255,-45.0,0.100,0.00,1.00,0.00,0.00,0.50
11.533,1.255,-45.0,0.100,0.00,1.00,0.00,0.00,0.50
11.550,1.255,-45.0,0.019,0.00,1.00,0.00,0.00,0.50
11.567,1.255,-45.0,0.001,0.00,1.00,0.00,0.00,0.50
11.584,1.255,-45.0,0.001,0.00,1.00,0.00,0.00,0.50
11.601,1.255,-45.0,0.001,0.00,1.00,0.00,0.00,0.50
11.617,1.255,-45.0,0.002,0.00,1.00,0.00,0.00,0.50
11.634,1.255,-45.0,0.001,0.00,1.00,0.00,0.00,0.50
11.650,1.255,-45.0,0.001,0.00,1.00,0.00,0.00,0.50
11.667,1.255,-45.0,0.001,0.00,1.00,0.00,0.00,0.50
11.684,1.255,-45.0,0.009,0.00,1.00,0.00,0.00,0.50
11.701,1.255,-45.0,0.008,0.00,1.00,0.00,0.00,0.50
11.717,1.255,-45.0,0.029,0.00,1.00,0.00,0.00,0.50
11.733,1.255,-45.0,0.007,0.00,1.00,0.00,0.00,0.50
11.750,1.255,-45.0,0.007,0.00,1.00,0.00,0.00,0.50
11.767,1.255,-45.0,0.002,0.00,1.00,0.00,0.00,0.50
11.784,1.255,-45.0,0.003,0.00,1.00,0.00,0.00,0.50
11.800,1.255,-45.0,0.003,0.00,1.00,0.00,0.00,0.50
11.817,1.255,-45.0,0.044,0.00,1.00,0.00,0.00,0.50
11.833,1.255,-45.0,0.061,0.00,1.00,0.00,0.00,0.50
11.850,1.255,-45.0,0.428,0.00,1.00,0.00,0.00,0.50
11.867,0.966,-33.0,0.001,0.00,1.00,0.00,0.00,1.00
11.884,0.751,-20.9,0.100,0.00,1.00,0.00,0.00,1.00
11.900,0.683,-9.2,0.100,0.00,1.00,0.00,0.00,1.00
11.917,0.738,3.1,0.100,0.00,1.00,0.00,0.00,1.00
11.933,0.851,14.8,0.100,0.00,1.00,0.00,0.00,1.00
11.950,1.011,27.0,2.677,0.00,1.00,0.00,0.00,1.00
11.967,1.192,38.8,3.496,0.00,1.00,0.00,0.00,1.00
11.983,1.390,50.9,3.182,0.00,1.00,0.00,0.00,1.00
12.000,1.602,63.1,2.863,0.00,1.00,0.00,0.00,1.00
12.017,1.813,75.0,2.520,0.00,1.00,0.00,0.00,1.00
12.033,2.026,82.4,2.412,0.00,0.98,0.02,0.00,1.00
12.050,2.253,84.5,2.266,0.00,0.90,0.10,0.00,1.00
12.067,2.476,86.1,2.164,0.00,0.77,0.23,0.00,1.00
12.084,2.704,87.5,2.624,0.00,0.61,0.39,0.00,1.00
12.100,2.925,88.6,2.304,0.00,0.46,0.54,0.00,1.00
12.117,3.151,89.6,1.735,0.00,0.35,0.65,0.00,1.00
12.133,3.250,90.0,1.279,0.00,0.26,0.74,0.00,1.00
12.150,3.250,90.0,0.863,0.00,0.20,0.80,0.00,1.00
12.166,3.250,90.0,0.560,0.00,0.15,0.85,0.00,1.00
12.184,3.250,90.0,0.390,0.00,0.12,0.88,0.00,1.00
12.200,3.250,90.0,0.262,0.00,0.09,0.91,0.00,1.00
12.217,3.250,90.0,0.170,0.00,0.07,0.93,0.00,1.00
12.234,3.250,90.0,0.100,0.00,0.05,0.95,0.00,1.00
12.250,3.250,90.0,0.100,0.00,0.04,0.96,0.00,1.00
12.267,3.250,90.0,0.000,0.00,0.03,0.97,0.00,1.00
12.283,3.250,90.0,0.000,0.00,0.02,0.98,0.00,1.00
12.300,3.250,90.0,0.000,0.00,0.02,0.98,0.00,1.00
12.317,3.250,90.0,1.707,0.00,0.01,0.99,0.00,1.00
12.333,3.250,90.0,0.100,0.00,0.01,0.99,0.00,1.00
12.350,3.250,90.0,0.100,0.00,0.01,0.99,0.00,1.00
12.367,3.250,90.0,0.100,0.00,0.01,0.99,0.00,1.00
12.384,3.250,90.0,0.100,0.00,0.00,1.00,0.00,1.00
12.400,3.250,90.0,0.100,0.00,0.00,1.00,0.00,1.00
12.416,3.250,90.0,0.100,0.00,0.00,1.00,0.00,1.00
12.433,3.250,90.0,0.100,0.00,0.00,1.00,0.00,1.00
12.450,3.250,90.0,0.100,0.00,0.00,1.00,0.00,1.00
12.466,3.250,90.0,0.100,0.00,0.00,1.00,0.00,1.00
12.483,3.250,90.0,0.100,0.00,0.00,1.00,0.00,1.00
12.500,3.250,90.0,0.100,0.00,0.00,1.00,0.00,1.00
12.517,3.250,90.0,0.100,0.00,0.00,1.00,0.00,1.00
12.534,3.250,90.0,0.000,0.00,0.00,1.00,0.00,1.00
12.550,3.250,90.0,0.000,0.00,0.00,1.00,0.00,1.00
12.567,3.250,90.0,0.000,0.00,0.00,1.00,0.00,1.00
12.584,3.250,90.0,0.000,0.00,0.00,1.00,0.00,1.00
12.601,3.250,90.0,1.125,0.00,0.00,1.00,0.00,1.00
12.617,3.250,90.0,0.100,0.00,0.00,1.00,0.00,1.00
12.633,3.250,90.0,0.100,0.00,0.00,1.00,0.00,1.00
12.650,3.250,90.0,0.100,0.00,0.00,1.00,0.00,1.00
12.667,3.250,90.0,0.100,0.00,0.00,1.00,0.00,1.00
12.684,3.250,90.0,0.100,0.00,0.00,1.00,0.00,1.00
12.700,3.250,90.0,0.100,0.00,0.00,1.00,0.00,1.00
12.717,3.250,90.0,0.100,0.00,0.00,1.00,0.00,1.00
12.734,3.250,90.0,0.100,0.00,0.00,1.00,0.00,1.00
12.750,3.484,90.0,0.100,0.00,0.00,1.00,0.00,1.00
12.767,3.714,90.0,0.100,0.00,0.00,1.00,0.00,1.00
12.784,3.952,90.0,0.100,0.00,0.00,1.00,0.00,1.00
12.800,4.186,90.0,0.100,0.00,0.00,1.00,0.00,1.00
12.817,4.300,90.0,0.000,0.00,0.00,1.00,0.00,1.00
12.833,4.300,90.0,0.000,0.00,0.00,1.00,0.00,1.00
12.850,4.300,90.0,0.000,0.00,0.00,1.00,0.00,1.00
12.867,4.300,90.0,1.223,0.00,0.00,1.00,0.00,1.00
12.884,4.300,90.0,0.100,0.00,0.00,1.00,0.00,1.00
12.900,4.300,90.0,0.100,0.00,0.00,1.00,0.00,1.00
12.917,4.300,90.0,0.100,0.00,0.00,1.00,0.00,1.00
12.933,4.300,90.0,0.100,0.00,0.00,1.00,0.00,1.00
12.950,4.300,90.0,0.100,0.00,0.00,1.00,0.00,1.00
12.967,4.300,90.0,0.100,0.00,0.00,1.00,0.00,1.00
12.983,4.300,90.0,0.100,0.00,0.00,1.00,0.00,1.00
13.000,4.300,90.0,0.100,0.00,0.00,1.00,0.00,1.00
13.017,4.300,90.0,0.000,0.00,0.00,1.00,0.00,1.00
13.034,4.300,90.0,0.000,0.00,0.00,1.00,0.00,1.00
13.050,4.300,90.0,0.000,0.00,0.00,1.00,0.00,1.00
13.067,4.300,90.0,0.000,0.00,0.00,1.00,0.00,1.00
13.084,4.300,90.0,0.387,0.00,0.00,1.00,0.00,1.00
13.100,4.300,90.0,0.100,0.00,0.00,1.00,0.00,1.00
13.117,4.300,90.0,0.100,0.00,0.00,1.00,0.00,1.00
13.134,4.300,90.0,0.100,0.00,0.00,1.00,0.00,1.00
13.150,4.300,90.0,0.100,0.00,0.00,1.00,0.00,1.00
13.167,4.300,90.0,0.100,0.00,0.00,1.00,0.00,1.00
13.183,4.300,90.0,0.100,0.00,0.00,1.00,0.00,1.00
13.200,4.300,90.0,0.100,0.00,0.00,1.00,0.00,1.00
13.217,4.300,90.0,0.100,0.00,0.00,1.00,0.00,1.00
13.233,4.300,90.0,0.100,0.00,0.00,1.00,0.00,1.00
13.250,4.300,90.0,0.000,0.00,0.00,1.00,0.00,1.00
13.267,4.300,90.0,0.000,0.00,0.00,1.00,0.00,1.00
13.284,4.300,90.0,2.324,0.00,0.00,1.00,0.00,1.00
13.300,4.300,90.0,0.100,0.00,0.00,1.00,0.00,1.00
13.317,4.300,90.0,0.100,0.00,0.00,1.00,0.00,1.00
13.334,4.300,90.0,0.100,0.00,0.00,1.00,0.00,1.00
13.350,4.300,90.0,0.100,0.00,0.00,1.00,0.00,1.00
13.367,4.300,90.0,0.025,0.00,0.00,1.00,0.00,1.00
13.383,4.300,90.0,0.014,0.00,0.00,1.00,0.00,1.00
13.400,4.300,90.0,0.008,0.00,0.00,1.00,0.00,1.00
13.416,4.300,90.0,0.013,0.00,0.00,1.00,0.00,1.00
13.434,4.300,90.0,0.037,0.00,0.00,1.00,0.00,1.00
13.450,4.300,90.0,0.000,0.00,0.00,1.00,0.00,1.00
13.467,4.300,90.0,0.000,0.00,0.00,1.00,0.00,1.00
13.484,4.300,90.0,0.000,0.00,0.00,1.00,0.00,1.00
13.500,4.300,90.0,1.944,0.00,0.00,1.00,0.00,1.00
13.517,4.300,90.0,0.100,0.00,0.00,1.00,0.00,1.00
13.534,4.300,90.0,0.029,0.00,0.00,1.00,0.00,1.00
13.550,4.300,90.0,0.039,0.00,0.00,1.00,0.00,1.00
13.567,4.300,90.0,0.023,0.00,0.00,1.00,0.00,1.00
13.583,4.300,90.0,0.014,0.00,0.00,1.00,0.00,1.00
13.600,4.300,90.0,0.006,0.00,0.00,1.00,0.00,1.00
13.617,4.300,90.0,0.009,0.00,0.00,1.00,0.00,1.00
13.634,4.300,90.0,0.015,0.00,0.00,1.00,0.00,1.00
13.650,4.300,90.0,0.069,0.00,0.00,1.00,0.00,1.00
13.667,4.300,90.0,0.000,0.00,0.00,1.00,0.00,1.00
13.684,4.300,90.0,0.000,0.00,0.00,1.00,0.00,1.00
13.700,4.300,90.0,0.000,0.00,0.00,1.00,0.00,1.00
13.717,4.300,90.0,1.988,0.00,0.00,1.00,0.00,1.00
13.734,4.300,90.0,0.014,0.00,0.00,1.00,0.00,1.00
13.750,4.300,90.0,0.032,0.00,0.00,1.00,0.00,1.00
13.767,4.300,90.0,0.008,0.00,0.00,1.00,0.00,1.00
13.784,4.300,90.0,0.020,0.00,0.00,1.00,0.00,1.00
13.800,4.300,90.0,0.024,0.00,0.00,1.00,0.00,1.00
13.817,4.300,90.0,0.008,0.00,0.00,1.00,0.00,1.00
13.834,4.300,90.0,0.013,0.00,0.00,1.00,0.00,1.00
13.850,4.300,90.0,0.016,0.00,0.00,1.00,0.00,1.00
13.867,4.300,90.0,0.007,0.00,0.00,1.00,0.00,1.00
13.883,4.300,90.0,0.000,0.00,0.00,1.00,0.00,1.00
13.901,4.300,90.0,0.000,0.00,0.00,1.00,0.00,1.00
13.917,4.300,90.0,0.000,0.00,0.00,1.00,0.00,1.00
13.934,4.300,90.0,0.973,0.00,0.00,1.00,0.00,1.00
13.950,4.300,90.0,0.100,0.00,0.00,1.00,0.00,1.00
13.967,4.300,90.0,0.058,0.00,0.00,1.00,0.00,1.00
13.984,4.300,90.0,0.021,0.00,0.00,1.00,0.00,1.00
14.000,4.300,90.0,0.027,0.00,0.00,1.00,0.00,1.00
14.017,4.300,90.0,0.011,0.00,0.00,1.00,0.00,1.00
14.034,4.300,90.0,0.008,0.00,0.00,1.00,0.00,1.00
14.050,4.300,90.0,0.020,0.00,0.00,1.00,0.00,1.00
14.067,4.300,90.0,0.019,0.00,0.00,1.00,0.00,1.00
14.084,4.300,90.0,0.100,0.00,0.00,1.00,0.00,1.00
14.100,4.300,90.0,0.000,0.00,0.00,1.00,0.00,1.00
14.117,4.300,90.0,0.000,0.00,0.00,1.00,0.00,1.00
14.134,4.300,90.0,0.000,0.00,0.00,1.00,0.00,1.00
14.150,4.300,90.0,1.335,0.00,0.00,1.00,0.00,1.00
14.167,4.300,90.0,0.054,0.00,0.00,1.00,0.00,1.00
14.184,4.300,90.0,0.011,0.00,0.00,1.00,0.00,1.00
14.200,4.300,90.0,0.007,0.00,0.00,1.00,0.00,1.00
14.217,4.300,90.0,0.008,0.00,0.00,1.00,0.00,1.00
14.233,4.300,90.0,0.011,0.00,0.00,1.00,0.00,1.00
14.250,4.300,90.0,0.007,0.00,0.00,1.00,0.00,1.00
14.267,4.300,90.0,0.017,0.00,0.00,1.00,0.00,1.00
14.283,4.300,90.0,0.002,0.00,0.00,1.00,0.00,1.00
14.300,4.300,90.0,0.027,0.00,0.00,1.00,0.00,1.00
14.317,4.300,90.0,0.000,0.00,0.00,1.00,0.00,1.00
14.334,4.300,90.0,0.000,0.00,0.00,1.00,0.00,1.00
14.350,4.300,90.0,0.000,0.00,0.00,1.00,0.00,1.00
14.367,4.055,93.6,0.420,0.00,0.00,1.00,0.00,1.00
14.383,3.905,96.1,0.100,0.00,0.00,1.00,0.00,1.00
14.400,3.760,99.0,0.100,0.00,0.00,1.00,0.00,1.00
14.417,3.627,102.0,0.100,0.00,0.00,1.00,0.00,1.00
14.433,3.512,105.0,0.100,0.00,0.00,1.00,0.00,1.00
14.450,3.396,108.5,0.100,0.00,0.00,1.00,0.00,1.00
14.467,3.299,112.2,0.100,0.00,0.00,1.00,0.00,1.00
14.484,3.215,116.1,0.100,0.00,0.00,1.00,0.00,1.00
14.500,3.150,119.9,0.100,0.00,0.00,1.00,0.00,1.00
14.517,3.095,124.2,0.100,0.00,0.00,1.00,0.00,1.00
14.533,3.061,128.4,0.100,0.00,0.00,1.00,0.00,1.00
14.550,3.043,132.9,0.100,0.00,0.00,1.00,0.00,1.00
14.567,3.043,137.2,0.000,0.00,0.00,1.00,0.00,1.00
14.584,3.061,141.7,0.000,0.00,0.00,1.00,0.00,1.00
14.600,3.095,145.8,0.000,0.00,0.00,1.00,0.00,1.00
14.617,3.150,150.1,0.000,0.00,0.00,1.00,0.00,1.00
14.633,3.215,154.0,2.306,0.00,0.00,1.00,0.00,1.00
14.650,3.298,157.8,0.100,0.00,0.00,1.00,0.00,1.00
14.667,3.400,161.6,0.100,0.00,0.00,1.00,0.00,1.00
14.684,3.513,165.1,0.100,0.00,0.00,1.00,0.00,1.00
14.700,3.633,168.2,0.100,0.00,0.00,1.00,0.00,1.00
14.717,3.765,171.1,0.100,0.00,0.00,1.00,0.00,1.00
14.733,3.905,173.9,0.100,0.00,0.00,1.00,0.00,1.00
14.750,4.055,176.4,0.100,0.00,0.00,1.00,0.00,1.00
14.767,4.214,178.8,0.100,0.00,0.00,1.00,0.00,1.00
14.783,4.300,180.0,0.100,0.00,0.00,1.00,0.00,1.00
14.800,4.300,180.0,0.100,0.00,0.00,1.00,0.00,1.00
14.817,4.300,180.0,0.000,0.00,0.00,1.00,0.00,1.00
14.833,4.300,180.0,0.000,0.00,0.00,1.00,0.00,1.00
14.850,4.300,180.0,0.000,0.00,0.00,1.00,0.00,1.00
14.867,4.300,180.0,1.987,0.00,0.00,1.00,0.00,1.00
14.883,4.300,180.0,0.100,0.00,0.00,1.00,0.00,1.00
14.901,4.300,180.0,0.100,0.00,0.00,1.00,0.00,1.00
14.917,4.300,180.0,0.100,0.00,0.00,1.00,0.00,1.00
14.934,4.300,180.0,0.100,0.00,0.00,1.00,0.00,1.00
14.950,4.300,180.0,0.100,0.00,0.00,1.00,0.00,1.00
14.968,4.300,180.0,0.100,0.00,0.00,1.00,0.00,1.00
14.984,4.300,180.0,0.100,0.00,0.00,1.00,0.00,1.00
15.000,4.300,180.0,0.100,0.00,0.00,1.00,0.00,1.00
15.018,4.300,180.0,0.100,0.00,0.00,1.00,0.00,1.00
15.033,4.300,180.0,0.000,0.00,0.00,1.00,0.00,1.00
15.051,4.300,180.0,0.000,0.00,0.00,1.00,0.00,1.00
15.067,4.300,180.0,0.000,0.00,0.00,1.00,0.00,1.00
15.084,4.300,180.0,1.949,0.00,0.00,1.00,0.00,1.00
15.100,4.300,180.0,0.010,0.00,0.00,1.00,0.00,1.00
15.117,4.300,180.0,0.031,0.00,0.00,1.00,0.00,1.00
15.134,4.300,180.0,0.008,0.00,0.00,1.00,0.00,1.00
15.150,4.300,180.0,0.019,0.00,0.00,1.00,0.00,1.00
15.167,4.300,180.0,0.025,0.00,0.00,1.00,0.00,1.00
15.184,4.300,180.0,0.008,0.00,0.00,1.00,0.00,1.00
15.200,4.300,180.0,0.013,0.00,0.00,1.00,0.00,1.00
15.217,4.300,180.0,0.017,0.00,0.00,1.00,0.00,1.00
15.234,4.300,180.0,0.008,0.00,0.00,1.00,0.00,1.00
15.250,4.300,180.0,0.000,0.00,0.00,1.00,0.00,1.00
15.266,4.300,180.0,0.000,0.00,0.00,1.00,0.00,1.00
15.284,4.300,180.0,0.000,0.00,0.00,1.00,0.00,1.00
15.300,4.300,180.0,1.071,0.00,0.00,1.00,0.00,1.00
15.317,4.300,180.0,0.100,0.00,0.00,1.00,0.00,1.00
15.334,4.300,180.0,0.055,0.00,0.00,1.00,0.00,1.00
15.350,4.300,180.0,0.021,0.00,0.00,1.00,0.00,1.00
15.367,4.300,180.0,0.028,0.00,0.00,1.00,0.00,1.00
15.383,4.300,180.0,0.009,0.00,0.00,1.00,0.00,1.00
15.400,4.300,180.0,0.010,0.00,0.00,1.00,0.00,1.00
15.416,4.300,180.0,0.021,0.00,0.00,1.00,0.00,1.00
15.434,4.300,180.0,0.021,0.00,0.00,1.00,0.00,1.00
15.450,4.300,180.0,0.100,0.00,0.00,1.00,0.00,1.00
15.467,4.300,180.0,0.000,0.00,0.00,1.00,0.00,1.00
15.483,4.300,180.0,0.000,0.00,0.00,1.00,0.00,1.00
15.500,4.300,180.0,0.000,0.00,0.00,1.00,0.00,1.00
15.517,4.300,180.0,1.406,0.00,0.00,1.00,0.00,1.00
15.534,4.300,180.0,0.050,0.00,0.00,1.00,0.00,1.00
15.550,4.300,180.0,0.011,0.00,0.00,1.00,0.00,1.00
15.567,4.300,180.0,0.007,0.00,0.00,1.00,0.00,1.00
15.584,4.300,180.0,0.007,0.00,0.00,1.00,0.00,1.00
15.600,4.300,180.0,0.010,0.00,0.00,1.00,0.00,1.00
15.616,4.300,180.0,0.008,0.00,0.00,1.00,0.00,1.00
15.634,4.300,180.0,0.017,0.00,0.00,1.00,0.00,1.00
15.651,4.300,180.0,0.002,0.00,0.00,1.00,0.00,1.00
15.668,4.300,180.0,0.026,0.00,0.00,1.00,0.00,1.00
15.684,4.300,180.0,0.000,0.00,0.00,1.00,0.00,1.00
15.700,4.300,180.0,0.000,0.00,0.00,1.00,0.00,1.00
15.718,4.300,180.0,0.000,0.00,0.00,1.00,0.00,1.00
15.733,4.300,180.0,0.418,0.00,0.00,1.00,0.00,1.00
15.750,4.300,180.0,0.100,0.00,0.00,1.00,0.00,1.00
15.767,2.888,-175.8,0.063,0.00,0.00,1.00,0.00,1.00
15.783,0.698,-164.0,0.100,0.00,0.00,1.00,0.00,1.00
15.800,0.663,-151.9,0.100,0.00,0.24,0.76,0.00,1.00
15.817,0.645,-139.9,0.000,0.00,0.42,0.58,0.00,1.00
15.833,0.631,-128.0,0.000,0.00,0.56,0.44,0.00,1.00
15.850,0.631,-115.9,0.000,0.00,0.67,0.33,0.00,1.00
15.867,0.631,-103.8,2.334,0.00,0.75,0.25,0.00,1.00
15.884,0.267,-98.4,0.100,0.00,0.81,0.19,0.00,0.00
15.900,0.000,-98.4,0.100,0.07,0.79,0.14,0.00,0.00
15.917,0.000,-98.4,5.067,0.30,0.60,0.11,0.00,0.00
15.934,0.000,-98.4,2.691,0.47,0.45,0.08,0.00,0.00
15.950,0.000,-98.4,1.217,0.60,0.34,0.06,0.00,0.00
15.967,0.000,-98.4,0.728,0.69,0.26,0.05,0.00,0.00
15.984,0.000,-98.4,0.763,0.77,0.20,0.04,0.00,0.00
16.000,0.000,-98.4,0.788,0.82,0.15,0.03,0.00,0.00
16.017,0.000,-98.4,0.741,0.87,0.11,0.02,0.00,0.00
16.034,0.000,-98.4,0.658,0.90,0.09,0.02,0.00,0.00
16.050,0.000,-98.4,0.100,0.92,0.06,0.01,0.00,0.00
16.067,0.000,-98.4,0.100,0.94,0.05,0.01,0.00,0.00
16.084,0.000,-98.4,0.100,0.96,0.04,0.01,0.00,0.00
16.100,0.000,-98.4,0.100,0.97,0.03,0.01,0.00,0.00
16.117,0.000,-98.4,0.100,0.97,0.02,0.00,0.00,0.00
16.133,0.000,-98.4,0.100,0.98,0.02,0.00,0.00,0.00
16.150,0.000,-98.4,0.100,0.99,0.01,0.00,0.00,0.00
16.167,0.000,-98.4,0.100,0.99,0.01,0.00,0.00,0.00
16.184,0.000,-98.4,0.100,0.99,0.01,0.00,0.00,0.00
16.200,0.000,-98.4,0.100,0.99,0.01,0.00,0.00,0.00
16.217,0.000,-98.4,0.100,1.00,0.00,0.00,0.00,0.00
16.234,0.000,-98.4,0.100,1.00,0.00,0.00,0.00,0.00
16.250,0.000,-98.4,0.100,1.00,0.00,0.00,0.00,0.00
16.267,0.000,-98.4,0.100,1.00,0.00,0.00,0.00,0.00
16.283,0.000,-98.4,0.100,1.00,0.00,0.00,0.00,0.00
16.300,0.000,-98.4,0.100,1.00,0.00,0.00,0.00,0.00
16.317,0.000,-98.4,0.100,1.00,0.00,0.00,0.00,0.00
16.333,0.000,-98.4,0.100,1.00,0.00,0.00,0.00,0.00
16.350,0.000,-98.4,0.100,1.00,0.00,0.00,0.00,0.00
16.367,0.000,-98.4,0.100,1.00,0.00,0.00,0.00,0.00
16.384,0.000,-98.4,0.100,1.00,0.00,0.00,0.00,0.00
16.400,0.000,-98.4,0.100,1.00,0.00,0.00,0.00,0.00
16.416,0.000,-98.4,0.100,1.00,0.00,0.00,0.00,0.00
16.434,0.000,-98.4,0.100,1.00,0.00,0.00,0.00,0.00
16.450,0.000,-98.4,0.100,1.00,0.00,0.00,0.00,0.00
16.467,0.000,-98.4,0.100,1.00,0.00,0.00,0.00,0.00
16.484,0.000,-98.4,0.100,1.00,0.00,0.00,0.00,0.00
16.500,0.000,-98.4,0.100,1.00,0.00,0.00,0.00,0.00
16.517,0.000,-98.4,0.100,1.00,0.00,0.00,0.00,0.00
16.534,0.000,-98.4,0.100,1.00,0.00,0.00,0.00,0.00
16.550,0.000,-98.4,0.100,1.00,0.00,0.00,0.00,0.00
16.567,0.000,-98.4,0.100,1.00,0.00,0.00,0.00,0.00
16.583,0.000,-98.4,0.100,1.00,0.00,0.00,0.00,0.00
16.600,0.000,-98.4,0.100,1.00,0.00,0.00,0.00,0.00
16.617,0.000,-98.4,0.100,1.00,0.00,0.00,0.00,0.00
16.634,0.000,-98.4,0.100,1.00,0.00,0.00,0.00,0.00
16.650,0.000,-98.4,0.100,1.00,0.00,0.00,0.00,0.00
16.667,0.000,-98.4,0.100,1.00,0.00,0.00,0.00,0.00
16.684,0.000,-98.4,0.100,1.00,0.00,0.00,0.00,0.00
16.701,0.000,-98.4,0.100,1.00,0.00,0.00,0.00,0.00
16.717,0.000,-98.4,0.100,1.00,0.00,0.00,0.00,0.00
16.734,0.000,-98.4,0.100,1.00,0.00,0.00,0.00,0.00
16.750,0.000,-98.4,0.100,1.00,0.00,0.00,0.00,0.00
16.767,0.000,-98.4,0.100,1.00,0.00,0.00,0.00,0.00
16.784,0.000,-98.4,0.100,1.00,0.00,0.00,0.00,0.00
16.800,0.000,-98.4,0.100,1.00,0.00,0.00,0.00,0.00
16.817,0.000,-98.4,0.100,1.00,0.00,0.00,0.00,0.00
16.833,0.000,-98.4,0.100,1.00,0.00,0.00,0.00,0.00
16.850,0.000,-98.4,0.100,1.00,0.00,0.00,0.00,0.00
16.867,0.000,-98.4,0.100,1.00,0.00,0.00,0.00,0.00
16.884,0.000,-98.4,0.100,1.00,0.00,0.00,0.00,0.00
16.900,0.228,-86.7,0.100,1.00,0.00,0.00,0.00,0.30
16.917,0.465,-74.5,4.916,0.86,0.14,0.00,0.00,0.30
16.934,0.698,-62.5,7.266,0.65,0.35,0.00,0.00,0.30
16.950,0.910,-50.6,8.016,0.49,0.51,0.00,0.00,0.30
16.967,0.910,-38.7,7.524,0.37,0.63,0.00,0.00,0.30
16.983,0.910,-26.7,6.610,0.28,0.72,0.00,0.00,0.30
17.000,0.910,-14.5,3.622,0.21,0.79,0.00,0.00,0.30
17.017,0.910,-2.5,3.888,0.16,0.84,0.00,0.00,0.30
17.034,0.910,9.5,3.705,0.12,0.88,0.00,0.00,0.30
17.050,0.910,21.6,3.342,0.09,0.91,0.00,0.00,0.30
17.067,0.910,33.5,2.916,0.07,0.93,0.00,0.00,0.30
17.084,0.910,45.0,2.503,0.05,0.95,0.00,0.00,0.30
17.100,0.910,45.0,2.049,0.04,0.96,0.00,0.00,0.30
17.117,0.910,45.0,0.100,0.03,0.97,0.00,0.00,0.30
17.134,0.910,45.0,0.100,0.02,0.98,0.00,0.00,0.30
17.150,0.910,45.0,0.100,0.02,0.98,0.00,0.00,0.30
17.167,0.910,45.0,0.100,0.01,0.99,0.00,0.00,0.30
17.183,0.910,45.0,0.100,0.01,0.99,0.00,0.00,0.30
17.200,0.910,45.0,0.100,0.01,0.99,0.00,0.00,0.30
17.217,0.910,45.0,0.100,0.01,0.99,0.00,0.00,0.30
17.233,0.910,45.0,0.100,0.00,1.00,0.00,0.00,0.30
17.250,0.910,45.0,0.100,0.00,1.00,0.00,0.00,0.30
17.267,0.910,45.0,0.100,0.00,1.00,0.00,0.00,0.30
17.284,0.910,45.0,0.100,0.00,1.00,0.00,0.00,0.30
17.300,0.910,45.0,0.100,0.00,1.00,0.00,0.00,0.30
17.317,0.910,45.0,0.100,0.00,1.00,0.00,0.00,0.30
17.334,0.910,45.0,0.100,0.00,1.00,0.00,0.00,0.30
17.350,0.910,45.0,0.100,0.00,1.00,0.00,0.00,0.30
17.367,0.910,45.0,0.100,0.00,1.00,0.00,0.00,0.30
17.384,0.910,45.0,0.100,0.00,1.00,0.00,0.00,0.30
17.400,0.910,45.0,0.100,0.00,1.00,0.00,0.00,0.30
17.417,0.910,45.0,0.100,0.00,1.00,0.00,0.00,0.30
17.433,0.910,45.0,0.100,0.00,1.00,0.00,0.00,0.30
17.450,0.910,45.0,0.100,0.00,1.00,0.00,0.00,0.30
17.467,0.910,45.0,0.100,0.00,1.00,0.00,0.00,0.30
17.484,0.910,45.0,0.100,0.00,1.00,0.00,0.00,0.30
17.500,0.910,45.0,0.112,0.00,1.00,0.00,0.00,0.30
17.517,0.910,45.0,0.132,0.00,1.00,0.00,0.00,0.30
17.533,0.910,45.0,0.118,0.00,1.00,0.00,0.00,0.30
17.550,0.910,45.0,0.178,0.00,1.00,0.00,0.00,0.30
17.567,0.910,45.0,0.240,0.00,1.00,0.00,0.00,0.30
17.583,0.910,45.0,0.100,0.00,1.00,0.00,0.00,0.30
17.600,0.910,45.0,0.100,0.00,1.00,0.00,0.00,0.30
17.617,0.910,45.0,0.100,0.00,1.00,0.00,0.00,0.30
17.634,0.910,45.0,0.100,0.00,1.00,0.00,0.00,0.30
17.650,0.910,45.0,0.100,0.00,1.00,0.00,0.00,0.30
17.667,0.910,45.0,0.100,0.00,1.00,0.00,0.00,0.30
17.683,0.910,45.0,0.100,0.00,1.00,0.00,0.00,0.30
17.700,0.910,45.0,0.100,0.00,1.00,0.00,0.00,0.30
17.717,0.910,45.0,0.100,0.00,1.00,0.00,0.00,0.30
17.733,0.910,45.0,0.100,0.00,1.00,0.00,0.00,0.30
17.750,0.910,45.0,0.100,0.00,1.00,0.00,0.00,0.30
17.767,0.910,45.0,0.100,0.00,1.00,0.00,0.00,0.30
17.783,0.910,45.0,0.100,0.00,1.00,0.00,0.00,0.30
17.800,0.910,45.0,0.100,0.00,1.00,0.00,0.00,0.30
17.817,0.910,45.0,0.100,0.00,1.00,0.00,0.00,0.30
17.834,0.910,45.0,0.100,0.00,1.00,0.00,0.00,0.30
17.850,0.910,45.0,0.100,0.00,1.00,0.00,0.00,0.30
17.867,0.910,45.0,0.100,0.00,1.00,0.00,0.00,0.30
17.884,0.910,45.0,0.100,0.00,1.00,0.00,0.00,0.30
17.900,0.910,45.0,0.100,0.00,1.00,0.00,0.00,0.30
17.917,0.910,45.0,0.100,0.00,1.00,0.00,0.00,0.30
17.933,0.910,45.0,0.100,0.00,1.00,0.00,0.00,0.30
17.950,0.910,45.0,0.100,0.00,1.00,0.00,0.00,0.30
17.967,0.910,45.0,0.100,0.00,1.00,0.00,0.00,0.30
17.983,0.910,45.0,0.100,0.00,1.00,0.00,0.00,0.30
18.000,0.910,45.0,0.100,0.00,1.00,0.00,0.00,0.30
18.017,0.910,45.0,0.100,0.00,1.00,0.00,0.00,0.30
18.034,0.910,45.0,0.100,0.00,1.00,0.00,0.00,0.30
18.050,0.910,45.0,0.100,0.00,1.00,0.00,0.00,0.30
18.067,0.910,45.0,0.100,0.00,1.00,0.00,0.00,0.30
18.083,0.910,45.0,0.100,0.00,1.00,0.00,0.00,0.30
18.100,0.910,45.0,0.100,0.00,1.00,0.00,0.00,0.30
18.117,0.910,45.0,0.100,0.00,1.00,0.00,0.00,0.30
18.133,0.910,45.0,0.100,0.00,1.00,0.00,0.00,0.30
18.150,0.910,45.0,0.100,0.00,1.00,0.00,0.00,0.30
18.167,0.910,45.0,0.100,0.00,1.00,0.00,0.00,0.30
18.184,0.910,45.0,0.100,0.00,1.00,0.00,0.00,0.30
18.200,0.910,45.0,0.100,0.00,1.00,0.00,0.00,0.30
18.217,0.910,45.0,0.100,0.00,1.00,0.00,0.00,0.30
18.233,0.910,45.0,0.100,0.00,1.00,0.00,0.00,0.30
18.250,0.910,45.0,0.100,0.00,1.00,0.00,0.00,0.30
18.267,0.910,45.0,0.100,0.00,1.00,0.00,0.00,0.30
18.284,0.910,45.0,0.100,0.00,1.00,0.00,0.00,0.30
18.300,0.910,45.0,0.100,0.00,1.00,0.00,0.00,0.30
18.317,0.910,45.0,0.298,0.00,1.00,0.00,0.00,0.30
18.333,0.910,45.0,0.100,0.00,1.00,0.00,0.00,0.30
18.352,0.910,45.0,0.100,0.00,1.00,0.00,0.00,0.30
18.367,0.910,45.0,0.100,0.00,1.00,0.00,0.00,0.30
18.384,0.910,45.0,0.100,0.00,1.00,0.00,0.00,0.30
18.400,0.910,45.0,0.100,0.00,1.00,0.00,0.00,0.30
18.417,0.910,45.0,0.100,0.00,1.00,0.00,0.00,0.30
18.433,0.910,45.0,0.100,0.00,1.00,0.00,0.00,0.30
18.450,0.910,45.0,0.100,0.00,1.00,0.00,0.00,0.30
18.467,0.910,45.0,0.100,0.00,1.00,0.00,0.00,0.30
18.484,0.910,45.0,0.100,0.00,1.00,0.00,0.00,0.30
18.500,0.910,45.0,0.100,0.00,1.00,0.00,0.00,0.30
18.516,0.910,45.0,0.100,0.00,1.00,0.00,0.00,0.30
18.533,0.910,45.0,0.100,0.00,1.00,0.00,0.00,0.30
18.550,0.910,45.0,0.100,0.00,1.00,0.00,0.00,0.30
18.567,0.910,45.0,0.100,0.00,1.00,0.00,0.00,0.30
18.583,0.910,45.0,0.100,0.00,1.00,0.00,0.00,0.30
18.600,0.910,45.0,0.100,0.00,1.00,0.00,0.00,0.30
18.617,0.910,45.0,0.100,0.00,1.00,0.00,0.00,0.30
18.633,0.910,45.0,0.100,0.00,1.00,0.00,0.00,0.30
18.650,0.910,45.0,0.100,0.00,1.00,0.00,0.00,0.30
18.666,0.910,45.0,0.100,0.00,1.00,0.00,0.00,0.30
18.684,0.910,45.0,0.100,0.00,1.00,0.00,0.00,0.30
18.701,0.910,45.0,0.100,0.00,1.00,0.00,0.00,0.30
18.717,0.910,45.0,0.100,0.00,1.00,0.00,0.00,0.30
18.734,0.910,45.0,0.100,0.00,1.00,0.00,0.00,0.30
18.751,0.910,45.0,0.100,0.00,1.00,0.00,0.00,0.30
18.767,0.910,45.0,0.100,0.00,1.00,0.00,0.00,0.30
18.784,0.910,45.0,0.100,0.00,1.00,0.00,0.00,0.30
18.800,0.910,45.0,0.100,0.00,1.00,0.00,0.00,0.30
18.817,0.910,45.0,0.100,0.00,1.00,0.00,0.00,0.30
18.834,0.910,45.0,0.100,0.00,1.00,0.00,0.00,0.30
18.852,0.910,45.0,0.100,0.00,1.00,0.00,0.00,0.30
18.867,0.910,45.0,0.100,0.00,1.00,0.00,0.00,0.30
18.883,0.910,45.0,0.100,0.00,1.00,0.00,0.00,0.30
18.900,0.910,45.0,0.100,0.00,1.00,0.00,0.00,0.30
18.917,0.543,45.0,0.100,0.00,1.00,0.00,0.00,0.90
18.934,0.171,32.8,0.100,0.00,1.00,0.00,0.00,0.90
18.950,0.189,21.0,8.406,0.15,0.85,0.00,0.00,0.90
18.967,0.423,9.0,4.868,0.24,0.76,0.00,0.00,0.90
18.984,0.656,-3.0,9.829,0.18,0.82,0.00,0.00,0.90
19.000,0.889,-14.9,9.483,0.14,0.86,0.00,0.00,0.90
19.017,1.120,-26.8,9.266,0.10,0.90,0.00,0.00,0.90
19.034,1.355,-38.9,8.999,0.08,0.92,0.00,0.00,0.90
19.050,1.586,-50.8,6.444,0.06,0.94,0.00,0.00,0.90
19.067,1.826,-63.1,7.271,0.05,0.95,0.00,0.00,0.90
19.083,2.055,-74.9,8.626,0.03,0.94,0.02,0.00,0.90
19.100,2.287,-86.8,3.996,0.03,0.87,0.11,0.00,0.90
19.117,2.527,-99.2,5.094,0.02,0.74,0.24,0.00,0.90
19.133,2.749,-110.6,4.836,0.01,0.56,0.42,0.00,0.90
19.150,2.986,-122.8,3.712,0.01,0.43,0.56,0.00,0.90
19.167,3.223,-135.0,2.451,0.01,0.32,0.67,0.00,0.90
19.184,3.250,-135.0,1.149,0.01,0.24,0.75,0.00,0.90
19.200,3.250,-135.0,0.100,0.00,0.19,0.81,0.00,0.90
19.217,3.250,-135.0,0.100,0.00,0.14,0.86,0.00,0.90
19.233,3.250,-135.0,0.100,0.00,0.11,0.89,0.00,0.90
19.250,3.250,-135.0,0.000,0.00,0.08,0.92,0.00,0.90
19.268,3.250,-135.0,0.000,0.00,0.06,0.94,0.00,0.90
19.283,3.250,-135.0,0.000,0.00,0.05,0.95,0.00,0.90
19.301,3.250,-135.0,0.000,0.00,0.04,0.96,0.00,0.90
19.317,3.250,-135.0,1.260,0.00,0.03,0.97,0.00,0.90
19.334,3.250,-135.0,0.100,0.00,0.02,0.98,0.00,0.90
19.350,3.250,-135.0,0.100,0.00,0.02,0.98,0.00,0.90
19.367,3.250,-135.0,0.100,0.00,0.01,0.99,0.00,0.90
19.384,3.250,-135.0,0.100,0.00,0.01,0.99,0.00,0.90
19.400,3.250,-135.0,0.100,0.00,0.01,0.99,0.00,0.90
19.417,3.250,-135.0,0.100,0.00,0.01,0.99,0.00,0.90
19.433,3.250,-135.0,0.100,0.00,0.00,1.00,0.00,0.90
19.450,3.250,-135.0,0.100,0.00,0.00,1.00,0.00,0.90
19.468,3.250,-135.0,0.100,0.00,0.00,1.00,0.00,0.90
19.484,3.250,-135.0,0.100,0.00,0.00,1.00,0.00,0.90
19.500,3.250,-135.0,0.100,0.00,0.00,1.00,0.00,0.90
19.516,3.250,-135.0,0.100,0.00,0.00,1.00,0.00,0.90
19.535,3.250,-135.0,0.100,0.00,0.00,1.00,0.00,0.90
19.550,3.250,-135.0,0.000,0.00,0.00,1.00,0.00,0.90
19.567,3.250,-135.0,0.000,0.00,0.00,1.00,0.00,0.90
19.583,3.250,-135.0,0.000,0.00,0.00,1.00,0.00,0.90
19.600,3.250,-135.0,1.627,0.00,0.00,1.00,0.00,0.90
19.617,2.610,-123.2,0.100,0.00,0.00,1.00,0.00,0.90
19.634,2.621,-111.0,0.100,0.00,0.00,1.00,0.00,0.90
19.650,2.652,-108.6,0.100,0.00,0.00,1.00,0.00,0.90
19.667,2.610,-98.4,0.100,0.00,0.00,1.00,0.00,0.90
19.684,2.610,-98.4,0.100,0.00,0.00,1.00,0.00,0.90
19.700,2.610,-98.4,0.100,0.00,0.00,1.00,0.00,0.90
19.717,2.610,-98.4,0.100,0.00,0.00,1.00,0.00,0.90
19.733,2.610,-98.4,0.100,0.00,0.00,1.00,0.00,0.90
19.750,2.610,-98.4,0.100,0.00,0.00,1.00,0.00,0.90
19.767,2.610,-98.4,0.100,0.00,0.00,1.00,0.00,0.90
19.783,2.610,-98.4,0.100,0.00,0.00,1.00,0.00,0.90
19.800,2.610,-98.4,0.100,0.00,0.00,1.00,0.00,0.90
19.818,2.610,-98.4,0.100,0.00,0.00,1.00,0.00,0.90
19.834,2.610,-98.4,0.100,0.00,0.00,1.00,0.00,0.90
19.850,2.610,-98.4,0.100,0.00,0.00,1.00,0.00,0.90
19.867,2.610,-98.4,0.000,0.00,0.00,1.00,0.00,0.90
19.883,2.610,-98.4,0.000,0.00,0.00,1.00,0.00,0.90
19.900,2.610,-98.4,0.000,0.00,0.00,1.00,0.00,0.90
19.917,2.610,-98.4,0.000,0.00,0.00,1.00,0.00,0.90
19.934,2.610,-98.4,0.000,0.00,0.00,1.00,0.00,0.90
19.950,2.610,-98.4,0.645,0.00,0.00,1.00,0.00,0.90
19.967,2.610,-98.4,0.047,0.00,0.00,1.00,0.00,0.90
19.984,2.610,-98.4,0.100,0.00,0.00,1.00,0.00,0.90
20.000,2.610,-98.4,0.026,0.00,0.00,1.00,0.00,0.90
20.017,2.610,-98.4,0.045,0.00,0.00,1.00,0.00,0.90
20.034,2.610,-98.4,0.017,0.00,0.00,1.00,0.00,0.90
20.050,2.610,-98.4,0.010,0.00,0.00,1.00,0.00,0.90
20.067,2.599,-94.8,0.016,0.00,0.00,1.00,0.00,0.90
20.084,2.577,-92.8,0.100,0.00,0.00,1.00,0.00,0.90
20.100,2.559,-93.1,0.100,0.00,0.00,1.00,0.00,0.90
20.117,2.542,-92.8,0.100,0.00,0.00,1.00,0.00,0.90
20.134,2.528,-92.8,0.100,0.00,0.00,1.00,0.00,0.90
20.150,2.516,-92.8,0.100,0.00,0.01,0.99,0.00,0.90
20.167,2.504,-92.8,0.100,0.00,0.02,0.98,0.00,0.90
20.183,2.494,-92.8,0.100,0.00,0.03,0.97,0.00,0.90
20.201,2.484,-92.8,0.100,0.00,0.04,0.96,0.00,0.90
20.217,2.476,-92.8,0.100,0.00,0.05,0.95,0.00,0.90
20.234,2.469,-92.8,0.000,0.00,0.06,0.94,0.00,0.90
20.250,2.463,-92.8,0.000,0.00,0.07,0.93,0.00,0.90
20.267,2.457,-92.8,0.000,0.00,0.08,0.92,0.00,0.90
20.283,2.452,-92.8,0.000,0.00,0.09,0.91,0.00,0.90
20.300,2.447,-92.8,0.000,0.00,0.10,0.90,0.00,0.90
20.317,2.443,-92.8,1.488,0.00,0.10,0.90,0.00,0.90
20.334,2.439,-92.8,0.100,0.00,0.11,0.89,0.00,0.90
20.350,2.436,-92.8,0.100,0.00,0.12,0.88,0.00,0.90
20.367,2.433,-92.8,0.100,0.00,0.12,0.88,0.00,0.90
20.384,2.430,-92.8,0.100,0.00,0.13,0.87,0.00,0.90
20.400,2.428,-92.8,0.100,0.00,0.13,0.87,0.00,0.90
20.418,2.426,-92.8,0.100,0.00,0.14,0.86,0.00,0.90
20.433,2.424,-92.9,0.100,0.00,0.14,0.86,0.00,0.90
20.450,2.422,-92.8,0.100,0.00,0.15,0.85,0.00,0.90
20.468,2.421,-92.8,0.100,0.00,0.15,0.85,0.00,0.90
20.484,2.419,-92.8,0.100,0.00,0.15,0.85,0.00,0.90
20.500,2.418,-92.8,0.100,0.00,0.16,0.84,0.00,0.90
20.517,2.417,-92.8,0.100,0.00,0.16,0.84,0.00,0.90
20.530,2.423,-97.2,0.100,0.00,0.16,0.84,0.00,0.90
20.550,2.415,-92.8,0.100,0.00,0.16,0.84,0.00,0.90
20.567,2.414,-92.8,0.100,0.00,0.16,0.84,0.00,0.90
20.583,2.425,-98.3,0.100,0.00,0.16,0.84,0.00,0.90
20.600,2.458,-103.8,0.100,0.00,0.16,0.84,0.00,0.90
20.617,2.512,-109.0,0.000,0.00,0.15,0.85,0.00,0.90
20.634,2.587,-114.0,0.000,0.00,0.13,0.87,0.00,0.90
20.650,2.677,-118.6,0.000,0.00,0.09,0.91,0.00,0.90
20.667,2.788,-123.0,0.000,0.00,0.07,0.93,0.00,0.90
20.684,2.911,-126.9,2.316,0.00,0.05,0.95,0.00,0.90
20.700,3.049,-130.6,0.100,0.00,0.04,0.96,0.00,0.90
20.717,3.197,-133.9,0.100,0.00,0.03,0.97,0.00,0.90
20.733,3.250,-135.0,0.100,0.00,0.02,0.98,0.00,0.90
20.750,3.250,-135.0,0.100,0.00,0.02,0.98,0.00,0.90
20.767,3.250,-135.0,0.100,0.00,0.01,0.99,0.00,0.90
20.784,3.250,-135.0,0.100,0.00,0.01,0.99,0.00,0.90
20.800,3.250,-135.0,0.100,0.00,0.01,0.99,0.00,0.90
20.817,3.250,-135.0,0.100,0.00,0.01,0.99,0.00,0.90
20.834,3.250,-135.0,0.100,0.00,0.00,1.00,0.00,0.90
20.850,3.250,-135.0,0.100,0.00,0.00,1.00,0.00,0.90
20.867,3.250,-135.0,0.100,0.00,0.00,1.00,0.00,0.90
20.883,3.250,-135.0,0.100,0.00,0.00,1.00,0.00,0.90
20.900,3.250,-135.0,0.100,0.00,0.00,1.00,0.00,0.90
20.917,2.883,-135.0,0.000,0.00,0.00,1.00,0.00,0.00
20.934,2.517,-135.0,0.000,0.00,0.00,1.00,0.00,0.00
20.950,2.152,-135.0,0.000,0.00,0.01,0.99,0.00,0.00
20.967,1.790,-135.0,0.000,0.00,0.13,0.87,0.00,0.00
20.984,1.415,-135.0,0.000,0.00,0.33,0.67,0.00,0.00
21.000,1.053,-135.0,0.000,0.00,0.49,0.51,0.00,0.00
21.017,0.683,-135.0,0.000,0.00,0.61,0.39,0.00,0.00
21.033,0.325,-135.0,0.000,0.00,0.71,0.29,0.00,0.00
21.050,0.000,-135.0,1.730,0.02,0.76,0.22,0.00,0.00
21.066,0.000,-135.0,14.105,0.26,0.57,0.17,0.00,0.00
21.083,0.000,-135.0,8.299,0.44,0.44,0.13,0.00,0.00
21.100,0.000,-135.0,4.689,0.57,0.33,0.10,0.00,0.00
21.116,0.000,-135.0,2.626,0.68,0.25,0.07,0.00,0.00
21.133,0.000,-135.0,1.585,0.75,0.19,0.06,0.00,0.00
21.150,0.000,-135.0,1.068,0.81,0.14,0.04,0.00,0.00
21.167,0.000,-135.0,0.791,0.86,0.11,0.03,0.00,0.00
21.184,0.000,-135.0,0.622,0.89,0.08,0.02,0.00,0.00
21.200,0.000,-135.0,0.499,0.92,0.06,0.02,0.00,0.00
21.217,0.000,-135.0,0.401,0.94,0.05,0.01,0.00,0.00
21.233,0.000,-135.0,0.324,0.95,0.04,0.01,0.00,0.00
21.250,0.000,-135.0,0.263,0.97,0.03,0.01,0.00,0.00
21.267,0.000,-135.0,0.100,0.97,0.02,0.01,0.00,0.00
21.284,0.000,-135.0,0.100,0.98,0.02,0.00,0.00,0.00
21.300,0.000,-135.0,0.000,0.98,0.01,0.00,0.00,0.00
21.317,0.000,-135.0,0.000,0.99,0.01,0.00,0.00,0.00
21.334,0.000,-135.0,0.000,0.99,0.01,0.00,0.00,0.00
21.350,0.000,-135.0,0.000,0.99,0.01,0.00,0.00,0.00
21.366,0.000,-135.0,0.000,1.00,0.00,0.00,0.00,0.00
21.383,0.000,-135.0,0.000,1.00,0.00,0.00,0.00,0.00
21.400,0.000,-135.0,0.000,1.00,0.00,0.00,0.00,0.00
21.416,0.000,-135.0,0.000,1.00,0.00,0.00,0.00,0.00
21.434,0.000,-135.0,0.000,1.00,0.00,0.00,0.00,0.00
21.450,0.000,-135.0,0.000,1.00,0.00,0.00,0.00,0.00
21.466,0.000,-135.0,0.000,1.00,0.00,0.00,0.00,0.00
21.484,0.000,-135.0,0.000,1.00,0.00,0.00,0.00,0.00
21.500,0.000,-135.0,0.000,1.00,0.00,0.00,0.00,0.00
21.516,0.000,-135.0,0.000,1.00,0.00,0.00,0.00,0.00
21.533,0.000,-135.0,0.000,1.00,0.00,0.00,0.00,0.00
21.551,0.000,-135.0,0.000,1.00,0.00,0.00,0.00,0.00
21.567,0.000,-135.0,0.000,1.00,0.00,0.00,0.00,0.00
21.584,0.000,-135.0,0.000,1.00,0.00,0.00,0.00,0.00
21.600,0.000,-135.0,0.000,1.00,0.00,0.00,0.00,0.00
21.616,0.000,-135.0,0.000,1.00,0.00,0.00,0.00,0.00
21.634,0.000,-135.0,0.000,1.00,0.00,0.00,0.00,0.00
21.650,0.000,-135.0,0.000,1.00,0.00,0.00,0.00,0.00
21.668,0.000,-135.0,0.000,1.00,0.00,0.00,0.00,0.00
21.683,0.000,-135.0,0.000,1.00,0.00,0.00,0.00,0.00
21.700,0.000,-135.0,0.000,1.00,0.00,0.00,0.00,0.00
21.717,0.000,-135.0,0.000,1.00,0.00,0.00,0.00,0.00
21.733,0.000,-135.0,0.000,1.00,0.00,0.00,0.00,0.00
21.750,0.000,-135.0,0.000,1.00,0.00,0.00,0.00,0.00
21.766,0.000,-135.0,0.000,1.00,0.00,0.00,0.00,0.00
21.785,0.000,-135.0,0.000,1.00,0.00,0.00,0.00,0.00
21.801,0.000,-135.0,0.000,1.00,0.00,0.00,0.00,0.00
21.816,0.000,-135.0,0.000,1.00,0.00,0.00,0.00,0.00
21.845,0.000,-135.0,0.000,1.00,0.00,0.00,0.00,0.00
21.849,0.000,-135.0,0.000,1.00,0.00,0.00,0.00,0.00
21.867,0.000,-135.0,0.000,1.00,0.00,0.00,0.00,0.00
21.883,0.000,-135.0,0.000,1.00,0.00,0.00,0.00,0.00
21.900,0.000,-135.0,0.000,1.00,0.00,0.00,0.00,0.00
21.917,0.000,-135.0,0.000,1.00,0.00,0.00,0.00,0.00
21.934,0.000,-135.0,0.000,1.00,0.00,0.00,0.00,0.00
21.951,0.000,-135.0,0.000,1.00,0.00,0.00,0.00,0.00
21.967,0.000,-135.0,0.000,1.00,0.00,0.00,0.00,0.00
21.983,0.000,-135.0,0.000,1.00,0.00,0.00,0.00,0.00
22.000,0.000,-135.0,0.000,1.00,0.00,0.00,0.00,0.00
22.016,0.000,-135.0,0.000,1.00,0.00,0.00,0.00,0.00
22.033,0.000,-135.0,0.000,1.00,0.00,0.00,0.00,0.00
22.050,0.000,-135.0,0.000,1.00,0.00,0.00,0.00,0.00
22.067,0.000,-135.0,0.000,1.00,0.00,0.00,0.00,0.00
22.084,0.000,-135.0,0.000,1.00,0.00,0.00,0.00,0.00
22.100,0.000,-135.0,0.000,1.00,0.00,0.00,0.00,0.00
22.117,0.000,-135.0,0.000,1.00,0.00,0.00,0.00,0.00
