clip,t,rel,speed,face
Forehand,1.000,-0.500,0.00,33.9
Forehand,1.008,-0.492,1.03,34.3
Forehand,1.017,-0.483,1.07,34.8
Forehand,1.025,-0.475,1.09,35.2
Forehand,1.033,-0.467,1.11,35.6
Forehand,1.042,-0.458,1.13,36.0
Forehand,1.050,-0.450,1.16,36.4
Forehand,1.058,-0.442,1.20,36.8
Forehand,1.067,-0.433,1.27,37.1
Forehand,1.075,-0.425,1.37,37.4
Forehand,1.083,-0.417,1.47,37.7
Forehand,1.092,-0.408,1.55,37.9
Forehand,1.100,-0.400,1.59,38.0
Forehand,1.108,-0.392,1.62,38.0
Forehand,1.117,-0.383,1.67,37.8
Forehand,1.125,-0.375,1.77,37.5
Forehand,1.133,-0.367,1.92,37.0
Forehand,1.142,-0.358,2.09,36.4
Forehand,1.150,-0.350,2.10,35.6
Forehand,1.158,-0.342,2.21,34.7
Forehand,1.167,-0.333,2.34,33.4
Forehand,1.175,-0.325,2.46,31.8
Forehand,1.183,-0.317,2.59,30.0
Forehand,1.192,-0.308,2.80,27.9
Forehand,1.200,-0.300,3.08,25.5
Forehand,1.208,-0.292,3.40,22.8
Forehand,1.217,-0.283,3.70,19.8
Forehand,1.225,-0.275,4.02,16.6
Forehand,1.233,-0.267,4.37,13.3
Forehand,1.242,-0.258,4.82,10.2
Forehand,1.250,-0.250,5.29,8.6
Forehand,1.258,-0.242,5.65,9.8
Forehand,1.267,-0.233,5.87,13.1
Forehand,1.275,-0.225,6.38,17.8
Forehand,1.283,-0.217,6.91,23.5
Forehand,1.292,-0.208,6.83,29.1
Forehand,1.300,-0.200,6.05,33.9
Forehand,1.308,-0.192,4.81,37.2
Forehand,1.317,-0.183,3.93,39.7
Forehand,1.325,-0.175,3.58,41.7
Forehand,1.333,-0.167,3.79,44.1
Forehand,1.342,-0.158,3.63,45.7
Forehand,1.350,-0.150,3.48,46.7
Forehand,1.358,-0.142,3.95,49.3
Forehand,1.367,-0.133,6.50,55.7
Forehand,1.375,-0.125,11.98,68.4
Forehand,1.383,-0.117,16.49,85.6
Forehand,1.392,-0.108,17.63,76.8
Forehand,1.400,-0.100,15.14,62.6
Forehand,1.408,-0.092,11.25,53.5
Forehand,1.417,-0.083,9.19,47.1
Forehand,1.425,-0.075,8.44,41.8
Forehand,1.433,-0.067,8.98,35.9
Forehand,1.442,-0.058,10.23,28.6
Forehand,1.450,-0.050,10.60,21.0
Forehand,1.458,-0.042,9.94,14.2
Forehand,1.467,-0.033,8.38,9.2
Forehand,1.475,-0.025,6.50,6.3
Forehand,1.483,-0.017,5.31,4.8
Forehand,1.492,-0.008,4.76,3.9
Forehand,1.500,0.000,4.77,3.1
Forehand,1.508,0.008,4.65,2.5
Forehand,1.517,0.017,4.36,2.4
Forehand,1.525,0.025,4.48,2.7
Forehand,1.533,0.033,4.96,3.8
Forehand,1.542,0.042,5.21,5.6
Forehand,1.550,0.050,5.25,7.7
Forehand,1.558,0.058,5.77,10.5
Forehand,1.567,0.067,6.91,14.7
Forehand,1.575,0.075,8.67,20.9
Forehand,1.583,0.083,10.08,28.5
Forehand,1.592,0.092,10.75,36.7
Forehand,1.600,0.100,10.64,44.3
Forehand,1.608,0.108,10.47,51.0
Forehand,1.617,0.117,10.62,57.4
Forehand,1.625,0.125,10.58,63.2
Forehand,1.633,0.133,10.42,68.3
Forehand,1.642,0.142,10.36,72.5
Forehand,1.650,0.150,10.30,75.5
Forehand,1.658,0.158,10.01,77.4
Forehand,1.667,0.167,9.53,78.4
Forehand,1.675,0.175,8.48,78.9
Forehand,1.683,0.183,7.72,78.8
Forehand,1.692,0.192,8.09,78.0
Forehand,1.700,0.200,10.01,76.0
Forehand,1.708,0.208,12.69,72.9
Forehand,1.717,0.217,13.97,69.4
Forehand,1.725,0.225,13.47,65.8
Forehand,1.733,0.233,11.71,62.9
Forehand,1.742,0.242,10.33,61.6
Forehand,1.750,0.250,9.91,62.8
Backhand,1.000,-0.500,0.00,75.4
Backhand,1.008,-0.492,1.66,76.7
Backhand,1.017,-0.483,1.74,77.9
Backhand,1.025,-0.475,1.80,79.2
Backhand,1.033,-0.467,1.84,80.4
Backhand,1.042,-0.458,1.88,81.6
Backhand,1.050,-0.450,1.94,82.8
Backhand,1.058,-0.442,1.99,84.0
Backhand,1.067,-0.433,2.04,85.0
Backhand,1.075,-0.425,2.13,85.8
Backhand,1.083,-0.417,2.21,86.5
Backhand,1.092,-0.408,2.29,87.1
Backhand,1.100,-0.400,2.35,87.8
Backhand,1.108,-0.392,2.43,88.5
Backhand,1.117,-0.383,2.52,89.3
Backhand,1.125,-0.375,2.61,89.9
Backhand,1.133,-0.367,2.69,89.1
Backhand,1.142,-0.358,2.79,88.3
Backhand,1.150,-0.350,2.89,87.4
Backhand,1.158,-0.342,2.99,86.6
Backhand,1.167,-0.333,3.08,85.8
Backhand,1.175,-0.325,3.05,85.3
Backhand,1.183,-0.317,3.16,85.1
Backhand,1.192,-0.308,3.43,84.7
Backhand,1.200,-0.300,3.87,83.7
Backhand,1.208,-0.292,4.76,81.8
Backhand,1.217,-0.283,4.53,80.5
Backhand,1.225,-0.275,3.86,80.6
Backhand,1.233,-0.267,3.23,80.7
Backhand,1.242,-0.258,3.27,79.3
Backhand,1.250,-0.250,3.49,77.4
Backhand,1.258,-0.242,4.37,75.8
Backhand,1.267,-0.233,5.51,73.9
Backhand,1.275,-0.225,5.70,71.1
Backhand,1.283,-0.217,5.89,67.7
Backhand,1.292,-0.208,5.60,64.3
Backhand,1.300,-0.200,4.90,61.2
Backhand,1.308,-0.192,4.04,58.6
Backhand,1.317,-0.183,3.58,56.3
Backhand,1.325,-0.175,3.37,54.4
Backhand,1.333,-0.167,3.42,52.8
Backhand,1.342,-0.158,3.75,51.3
Backhand,1.350,-0.150,3.94,50.1
Backhand,1.358,-0.142,4.03,49.2
Backhand,1.367,-0.133,4.01,49.0
Backhand,1.375,-0.125,5.02,48.1
Backhand,1.383,-0.117,5.59,46.8
Backhand,1.392,-0.108,3.93,47.7
Backhand,1.400,-0.100,1.82,53.5
Backhand,1.408,-0.092,5.02,66.1
Backhand,1.417,-0.083,9.92,84.3
Backhand,1.425,-0.075,14.59,75.0
Backhand,1.433,-0.067,14.94,54.8
Backhand,1.442,-0.058,13.20,34.3
Backhand,1.450,-0.050,11.77,20.3
Backhand,1.458,-0.042,13.36,19.8
Backhand,1.467,-0.033,10.94,24.8
Backhand,1.475,-0.025,6.53,24.8
Backhand,1.483,-0.017,3.60,18.7
Backhand,1.492,-0.008,3.96,10.4
Backhand,1.500,0.000,3.36,4.4
Backhand,1.508,0.008,2.64,2.3
Backhand,1.517,0.017,2.70,1.9
Backhand,1.525,0.025,2.71,2.3
Backhand,1.533,0.033,2.47,3.3
Backhand,1.542,0.042,2.15,5.0
Backhand,1.550,0.050,1.97,7.1
Backhand,1.558,0.058,2.21,9.7
Backhand,1.567,0.067,4.71,13.7
Backhand,1.575,0.075,8.56,21.9
Backhand,1.583,0.083,12.26,32.1
Backhand,1.592,0.092,11.17,40.4
Backhand,1.600,0.100,6.61,48.9
Backhand,1.608,0.108,11.85,63.6
Backhand,1.617,0.117,18.06,83.6
Backhand,1.625,0.125,17.91,77.4
Backhand,1.633,0.133,13.02,64.0
Backhand,1.642,0.142,7.31,57.3
Backhand,1.650,0.150,4.74,54.7
Backhand,1.658,0.158,4.50,54.2
Backhand,1.667,0.167,5.00,53.4
Backhand,1.675,0.175,5.00,52.3
Backhand,1.683,0.183,4.70,52.0
Backhand,1.692,0.192,5.53,52.1
Backhand,1.700,0.200,7.58,52.5
Backhand,1.708,0.208,10.56,53.4
Backhand,1.717,0.217,12.87,55.1
Backhand,1.725,0.225,13.90,57.6
Backhand,1.733,0.233,13.46,60.6
Backhand,1.742,0.242,13.00,63.5
Backhand,1.750,0.250,13.06,66.0
Volley,0.800,-0.500,0.00,42.3
Volley,0.808,-0.492,0.70,43.9
Volley,0.817,-0.483,0.72,45.6
Volley,0.825,-0.475,0.72,47.4
Volley,0.833,-0.467,0.70,49.1
Volley,0.842,-0.458,0.69,50.8
Volley,0.850,-0.450,0.71,52.4
Volley,0.858,-0.442,0.72,54.0
Volley,0.867,-0.433,0.72,55.5
Volley,0.875,-0.425,0.72,57.0
Volley,0.883,-0.417,0.75,58.3
Volley,0.892,-0.408,0.78,59.6
Volley,0.900,-0.400,0.82,60.9
Volley,0.908,-0.392,0.86,62.2
Volley,0.917,-0.383,0.91,63.5
Volley,0.925,-0.375,0.98,64.7
Volley,0.933,-0.367,1.08,66.0
Volley,0.942,-0.358,1.19,67.3
Volley,0.950,-0.350,1.29,68.5
Volley,0.958,-0.342,1.38,69.8
Volley,0.967,-0.333,1.44,70.9
Volley,0.975,-0.325,1.51,72.0
Volley,0.983,-0.317,1.59,72.9
Volley,0.992,-0.308,1.69,73.9
Volley,1.000,-0.300,1.83,74.7
Volley,1.008,-0.292,2.02,75.6
Volley,1.017,-0.283,2.20,76.4
Volley,1.025,-0.275,2.34,77.0
Volley,1.033,-0.267,2.47,77.4
Volley,1.042,-0.258,2.62,77.5
Volley,1.050,-0.250,2.80,77.3
Volley,1.058,-0.242,3.02,76.8
Volley,1.067,-0.233,3.30,76.0
Volley,1.075,-0.225,3.80,74.7
Volley,1.083,-0.217,4.25,72.9
Volley,1.092,-0.208,4.33,71.0
Volley,1.100,-0.200,4.02,69.1
Volley,1.108,-0.192,3.48,67.2
Volley,1.117,-0.183,3.17,65.3
Volley,1.125,-0.175,3.14,63.3
Volley,1.133,-0.167,3.32,61.2
Volley,1.142,-0.158,3.54,59.0
Volley,1.150,-0.150,3.66,56.7
Volley,1.158,-0.142,3.78,54.3
Volley,1.167,-0.133,3.90,51.9
Volley,1.175,-0.125,4.05,49.5
Volley,1.183,-0.117,4.19,47.0
Volley,1.192,-0.108,4.26,44.5
Volley,1.200,-0.100,4.26,42.0
Volley,1.208,-0.092,4.28,39.6
Volley,1.217,-0.083,4.33,37.2
Volley,1.225,-0.075,4.31,34.9
Volley,1.233,-0.067,4.24,32.7
Volley,1.242,-0.058,4.22,30.6
Volley,1.250,-0.050,4.21,28.6
Volley,1.258,-0.042,4.10,26.8
Volley,1.267,-0.033,3.90,25.3
Volley,1.275,-0.025,3.69,23.9
Volley,1.283,-0.017,3.53,22.7
Volley,1.292,-0.008,3.39,21.8
Volley,1.300,0.000,3.25,21.2
Volley,1.308,0.008,3.06,21.1
Volley,1.317,0.017,2.91,21.3
Volley,1.325,0.025,2.86,21.8
Volley,1.333,0.033,2.90,22.4
Volley,1.342,0.042,2.88,23.5
Volley,1.350,0.050,2.81,24.8
Volley,1.358,0.058,2.85,26.4
Volley,1.367,0.067,3.00,28.0
Volley,1.375,0.075,3.19,29.8
Volley,1.383,0.083,3.29,31.9
Volley,1.392,0.092,3.33,34.0
Volley,1.400,0.100,3.36,36.1
Volley,1.408,0.108,3.48,38.2
Volley,1.417,0.117,3.63,40.5
Volley,1.425,0.125,3.72,42.9
Volley,1.433,0.133,3.73,45.3
Volley,1.442,0.142,3.77,47.7
Volley,1.450,0.150,3.86,50.1
Volley,1.458,0.158,3.88,52.5
Volley,1.467,0.167,3.81,54.9
Volley,1.475,0.175,3.59,57.2
Volley,1.483,0.183,3.47,59.5
Volley,1.492,0.192,3.63,61.8
Volley,1.500,0.200,4.08,64.2
Volley,1.508,0.208,4.90,67.0
Volley,1.517,0.217,5.44,70.0
Volley,1.525,0.225,5.34,72.9
Volley,1.533,0.233,4.61,75.4
Volley,1.542,0.242,3.74,77.5
Volley,1.550,0.250,3.25,79.3
Smash,1.700,-0.500,0.00,65.5
Smash,1.708,-0.492,1.88,64.2
Smash,1.717,-0.483,1.91,62.8
Smash,1.725,-0.475,1.94,61.3
Smash,1.733,-0.467,1.98,59.6
Smash,1.742,-0.458,1.99,57.8
Smash,1.750,-0.450,2.01,55.8
Smash,1.758,-0.442,2.11,53.7
Smash,1.767,-0.433,2.28,51.6
Smash,1.775,-0.425,2.45,49.6
Smash,1.783,-0.417,2.58,47.5
Smash,1.792,-0.408,2.76,45.5
Smash,1.800,-0.400,2.97,43.6
Smash,1.808,-0.392,3.20,41.7
Smash,1.817,-0.383,3.39,39.9
Smash,1.825,-0.375,3.54,38.0
Smash,1.833,-0.367,3.64,35.9
Smash,1.842,-0.358,3.71,33.6
Smash,1.850,-0.350,3.78,31.2
Smash,1.858,-0.342,3.89,29.0
Smash,1.867,-0.333,4.04,27.3
Smash,1.875,-0.325,4.26,26.2
Smash,1.883,-0.317,4.44,26.1
Smash,1.892,-0.308,4.51,27.3
Smash,1.900,-0.300,4.55,30.0
Smash,1.908,-0.292,4.73,34.2
Smash,1.917,-0.283,4.99,39.8
Smash,1.925,-0.275,5.15,46.4
Smash,1.933,-0.267,5.29,53.6
Smash,1.942,-0.258,5.64,61.2
Smash,1.950,-0.250,6.05,69.1
Smash,1.958,-0.242,6.44,77.6
Smash,1.967,-0.233,7.03,86.9
Smash,1.975,-0.225,8.82,82.6
Smash,1.983,-0.217,10.62,71.0
Smash,1.992,-0.208,10.84,59.8
Smash,2.000,-0.200,9.31,50.7
Smash,2.008,-0.192,7.02,43.7
Smash,2.017,-0.183,5.79,38.1
Smash,2.025,-0.175,5.41,33.2
Smash,2.033,-0.167,5.81,28.5
Smash,2.042,-0.158,6.39,24.0
Smash,2.050,-0.150,6.63,19.8
Smash,2.058,-0.142,6.85,16.0
Smash,2.067,-0.133,6.98,12.7
Smash,2.075,-0.125,7.05,9.7
Smash,2.083,-0.117,7.17,7.0
Smash,2.092,-0.108,7.36,4.6
Smash,2.100,-0.100,7.60,2.7
Smash,2.108,-0.092,7.72,1.4
Smash,2.117,-0.083,7.79,1.0
Smash,2.125,-0.075,8.05,1.7
Smash,2.133,-0.067,8.46,2.3
Smash,2.142,-0.058,8.74,2.8
Smash,2.150,-0.050,8.84,3.2
Smash,2.158,-0.042,9.06,3.5
Smash,2.167,-0.033,9.44,3.8
Smash,2.175,-0.025,10.73,4.0
Smash,2.183,-0.017,11.47,4.2
Smash,2.192,-0.008,10.31,4.5
Smash,2.200,0.000,7.47,4.8
Smash,2.208,0.008,3.93,5.0
Smash,2.217,0.017,1.55,5.1
Smash,2.225,0.025,0.63,5.4
Smash,2.233,0.033,1.17,5.9
Smash,2.242,0.042,2.03,6.6
Smash,2.250,0.050,2.37,7.4
Smash,2.258,0.058,2.67,8.2
Smash,2.267,0.067,2.92,9.0
Smash,2.275,0.075,3.22,9.9
Smash,2.283,0.083,3.53,11.0
Smash,2.292,0.092,3.70,12.1
Smash,2.300,0.100,3.76,13.4
Smash,2.308,0.108,4.16,16.3
Smash,2.317,0.117,6.17,22.5
Smash,2.325,0.125,3.76,25.3
Smash,2.333,0.133,13.32,18.3
Smash,2.342,0.142,35.39,28.3
Smash,2.350,0.150,52.30,63.9
Smash,2.358,0.158,51.21,78.2
Smash,2.367,0.167,32.82,75.2
Smash,2.375,0.175,9.96,74.8
Smash,2.383,0.183,4.27,77.1
Smash,2.392,0.192,8.76,79.4
Smash,2.400,0.200,7.01,80.8
Smash,2.408,0.208,5.94,82.0
Smash,2.417,0.217,6.66,82.9
Smash,2.425,0.225,6.91,83.7
Smash,2.433,0.233,7.34,84.7
Smash,2.442,0.242,8.28,87.0
Serve,1.833,-0.500,0.00,73.4
Serve,1.841,-0.492,3.98,73.8
Serve,1.850,-0.483,4.01,74.3
Serve,1.858,-0.475,4.04,75.0
Serve,1.866,-0.467,4.07,75.7
Serve,1.875,-0.458,4.08,76.7
Serve,1.883,-0.450,4.09,77.7
Serve,1.891,-0.442,4.16,78.8
Serve,1.900,-0.433,4.29,79.7
Serve,1.908,-0.425,4.41,80.4
Serve,1.916,-0.417,4.49,81.0
Serve,1.925,-0.408,4.58,81.5
Serve,1.933,-0.400,4.67,81.8
Serve,1.941,-0.392,4.73,82.1
Serve,1.950,-0.383,4.80,82.2
Serve,1.958,-0.375,4.93,82.2
Serve,1.966,-0.367,5.08,82.3
Serve,1.975,-0.358,5.22,82.4
Serve,1.983,-0.350,5.32,82.5
Serve,1.991,-0.342,5.40,82.5
Serve,2.000,-0.333,5.44,82.6
Serve,2.008,-0.325,5.56,82.7
Serve,2.016,-0.317,5.67,82.9
Serve,2.025,-0.308,5.56,83.3
Serve,2.033,-0.300,5.26,84.5
Serve,2.041,-0.292,5.01,86.8
Serve,2.050,-0.283,4.98,89.7
Serve,2.058,-0.275,5.10,84.6
Serve,2.066,-0.267,5.36,78.2
Serve,2.075,-0.258,5.92,70.1
Serve,2.083,-0.250,6.67,60.4
Serve,2.091,-0.242,7.27,50.4
Serve,2.100,-0.233,7.52,41.4
Serve,2.108,-0.225,8.05,34.3
Serve,2.116,-0.217,8.73,30.1
Serve,2.125,-0.208,8.50,29.5
Serve,2.133,-0.200,7.26,31.1
Serve,2.141,-0.192,5.32,32.8
Serve,2.150,-0.183,3.93,34.1
Serve,2.158,-0.175,3.39,35.3
Serve,2.166,-0.167,3.68,36.6
Serve,2.175,-0.158,4.26,38.5
Serve,2.183,-0.150,4.52,40.6
Serve,2.191,-0.142,4.77,42.7
Serve,2.200,-0.133,5.05,44.6
Serve,2.208,-0.125,5.48,46.3
Serve,2.216,-0.117,6.06,47.8
Serve,2.225,-0.108,6.68,49.1
Serve,2.233,-0.100,7.30,49.9
Serve,2.241,-0.092,8.01,49.9
Serve,2.250,-0.083,8.77,49.2
Serve,2.258,-0.075,9.32,47.7
Serve,2.266,-0.067,9.59,45.7
Serve,2.275,-0.058,9.70,42.7
Serve,2.283,-0.050,9.86,38.8
Serve,2.291,-0.042,9.95,34.3
Serve,2.300,-0.033,9.92,29.9
Serve,2.308,-0.025,9.86,25.0
Serve,2.316,-0.017,9.59,19.4
Serve,2.325,-0.008,8.95,14.1
Serve,2.333,0.000,8.02,10.3
Serve,2.341,0.008,6.93,8.7
Serve,2.350,0.017,5.53,8.2
Serve,2.358,0.025,3.93,7.7
Serve,2.366,0.033,2.62,7.2
Serve,2.375,0.042,1.73,7.1
Serve,2.383,0.050,1.23,8.0
Serve,2.391,0.058,1.39,9.4
Serve,2.400,0.067,1.64,10.8
Serve,2.408,0.075,3.13,8.2
Serve,2.416,0.083,5.31,2.9
Serve,2.425,0.092,2.68,2.8
Serve,2.433,0.100,10.15,15.2
Serve,2.441,0.108,26.93,55.3
Serve,2.450,0.117,29.72,69.9
Serve,2.458,0.125,26.65,35.1
Serve,2.466,0.133,28.20,22.3
Serve,2.475,0.142,29.95,24.3
Serve,2.483,0.150,39.40,35.0
Serve,2.491,0.158,49.44,30.3
Serve,2.500,0.167,37.29,26.4
Serve,2.508,0.175,12.33,29.5
Serve,2.516,0.183,2.50,30.1
Serve,2.525,0.192,6.79,30.3
Serve,2.533,0.200,5.34,31.3
Serve,2.541,0.208,5.20,32.3
Serve,2.550,0.217,5.98,33.3
Serve,2.558,0.225,6.25,34.2
Serve,2.566,0.233,6.21,34.8
Serve,2.575,0.242,6.36,35.5
