wing,swingAt,returned,timing,quality,speed,gap,landingX,landingZ
-1,0.350,False,0.0000,0.0000,0.000,0.0000,0.000,0.000
-1,0.370,False,0.0000,0.0000,0.000,0.0000,0.000,0.000
-1,0.390,False,0.0000,0.0000,0.000,0.0000,0.000,0.000
-1,0.410,False,0.0000,0.0000,0.000,0.0000,0.000,0.000
-1,0.430,False,0.0000,0.0000,0.000,0.0000,0.000,0.000
-1,0.450,False,0.0000,0.0000,0.000,1.1046,0.000,0.000
-1,0.470,False,0.0000,0.0000,0.000,1.1058,0.000,0.000
-1,0.490,False,0.0000,0.0000,0.000,1.1044,0.000,0.000
-1,0.510,False,0.0000,0.0000,0.000,1.1029,0.000,0.000
-1,0.530,False,0.0000,0.0000,0.000,1.1022,0.000,0.000
-1,0.550,False,0.0000,0.0000,0.000,1.0998,0.000,0.000
-1,0.570,False,0.0000,0.0000,0.000,1.0711,0.000,0.000
-1,0.590,False,0.0000,0.0000,0.000,1.0223,0.000,0.000
-1,0.610,False,0.0000,0.0000,0.000,0.9200,0.000,0.000
-1,0.630,False,0.0000,0.0000,0.000,0.8017,0.000,0.000
-1,0.650,False,0.0000,0.0000,0.000,0.5561,0.000,0.000
-1,0.670,False,0.0000,0.0000,0.000,0.3675,0.000,0.000
-1,0.690,False,0.0000,0.0000,0.000,0.2269,0.000,0.000
-1,0.710,True,0.8443,0.7669,24.793,0.1059,-2.882,9.189
-1,0.730,True,0.9204,0.8239,25.993,0.0000,-2.969,9.223
-1,0.750,True,0.9681,0.9500,30.937,0.0007,-2.997,9.307
-1,0.770,True,0.9871,0.8811,27.234,0.0007,-3.035,9.279
-1,0.790,True,0.9938,0.8865,27.352,0.0007,-3.034,9.266
-1,0.810,True,0.9653,0.9500,30.881,0.0007,-3.028,9.255
-1,0.830,True,0.9214,0.8286,26.096,0.0007,-2.996,9.279
-1,0.850,True,0.8288,0.7656,24.766,0.0007,-2.897,9.275
-1,0.870,True,0.7634,0.9500,27.411,0.0007,-2.917,9.177
-1,0.890,True,0.6886,0.6674,22.768,0.0007,-2.599,8.897
-1,0.910,True,0.5740,0.5842,21.153,0.0000,-2.394,8.902
-1,0.930,True,0.5181,0.5426,20.375,0.0000,-2.465,8.922
-1,0.950,True,0.4490,0.4870,19.371,0.0000,-2.410,8.999
-1,0.970,False,0.0000,0.0000,0.000,0.2276,0.000,0.000
-1,0.990,False,0.0000,0.0000,0.000,0.4853,0.000,0.000
-1,1.010,False,0.0000,0.0000,0.000,0.4853,0.000,0.000
-1,1.030,False,0.0000,0.0000,0.000,0.4853,0.000,0.000
-1,1.050,False,0.0000,0.0000,0.000,0.4853,0.000,0.000
-1,1.070,False,0.0000,0.0000,0.000,0.4853,0.000,0.000
-1,1.090,False,0.0000,0.0000,0.000,0.4853,0.000,0.000
-1,1.110,False,0.0000,0.0000,0.000,0.4853,0.000,0.000
-1,1.130,False,0.0000,0.0000,0.000,0.4853,0.000,0.000
-1,1.150,False,0.0000,0.0000,0.000,0.4853,0.000,0.000
-1,1.170,False,0.0000,0.0000,0.000,0.4853,0.000,0.000
-1,1.190,False,0.0000,0.0000,0.000,0.4853,0.000,0.000
-1,1.210,False,0.0000,0.0000,0.000,0.4853,0.000,0.000
-1,1.230,False,0.0000,0.0000,0.000,0.4853,0.000,0.000
-1,1.250,False,0.0000,0.0000,0.000,0.4853,0.000,0.000
-1,1.270,False,0.0000,0.0000,0.000,0.4853,0.000,0.000
-1,1.290,False,0.0000,0.0000,0.000,0.4853,0.000,0.000
-1,1.310,False,0.0000,0.0000,0.000,0.4853,0.000,0.000
-1,1.330,False,0.0000,0.0000,0.000,0.4853,0.000,0.000
-1,1.350,False,0.0000,0.0000,0.000,0.4853,0.000,0.000
-1,1.370,False,0.0000,0.0000,0.000,0.4853,0.000,0.000
-1,1.390,False,0.0000,0.0000,0.000,0.4853,0.000,0.000
-1,1.410,False,0.0000,0.0000,0.000,0.4853,0.000,0.000
-1,1.430,False,0.0000,0.0000,0.000,0.4853,0.000,0.000
-1,1.450,False,0.0000,0.0000,0.000,0.4853,0.000,0.000
-1,1.470,False,0.0000,0.0000,0.000,0.4853,0.000,0.000
-1,1.490,False,0.0000,0.0000,0.000,0.4853,0.000,0.000
-1,1.510,False,0.0000,0.0000,0.000,0.4853,0.000,0.000
-1,1.530,False,0.0000,0.0000,0.000,0.4853,0.000,0.000
-1,1.550,False,0.0000,0.0000,0.000,0.4853,0.000,0.000
-1,1.570,False,0.0000,0.0000,0.000,0.4853,0.000,0.000
-1,1.590,False,0.0000,0.0000,0.000,0.4853,0.000,0.000
-1,1.610,False,0.0000,0.0000,0.000,0.4853,0.000,0.000
-1,1.630,False,0.0000,0.0000,0.000,0.4853,0.000,0.000
1,0.350,False,0.0000,0.0000,0.000,0.4853,0.000,0.000
1,0.370,False,0.0000,0.0000,0.000,0.4853,0.000,0.000
1,0.390,False,0.0000,0.0000,0.000,0.4853,0.000,0.000
1,0.410,False,0.0000,0.0000,0.000,0.4853,0.000,0.000
1,0.430,False,0.0000,0.0000,0.000,0.4853,0.000,0.000
1,0.450,False,0.0000,0.0000,0.000,0.4853,0.000,0.000
1,0.470,False,0.0000,0.0000,0.000,0.9841,0.000,0.000
1,0.490,False,0.0000,0.0000,0.000,1.0108,0.000,0.000
1,0.510,False,0.0000,0.0000,0.000,1.0735,0.000,0.000
1,0.530,False,0.0000,0.0000,0.000,1.1297,0.000,0.000
1,0.550,False,0.0000,0.0000,0.000,1.1111,0.000,0.000
1,0.570,False,0.0000,0.0000,0.000,1.0727,0.000,0.000
1,0.590,False,0.0000,0.0000,0.000,1.0634,0.000,0.000
1,0.610,False,0.0000,0.0000,0.000,1.0743,0.000,0.000
1,0.630,False,0.0000,0.0000,0.000,1.0737,0.000,0.000
1,0.650,False,0.0000,0.0000,0.000,1.0833,0.000,0.000
1,0.670,False,0.0000,0.0000,0.000,1.0799,0.000,0.000
1,0.690,False,0.0000,0.0000,0.000,0.9334,0.000,0.000
1,0.710,False,0.0000,0.0000,0.000,0.3849,0.000,0.000
1,0.730,True,0.8586,0.7796,25.083,0.1766,2.894,9.188
1,0.750,True,0.9415,0.8459,26.496,0.0072,3.008,9.259
1,0.770,True,0.9725,0.9500,31.088,0.0056,2.999,9.304
1,0.790,True,0.9915,0.8859,27.366,0.0054,3.008,9.292
1,0.810,True,0.9799,0.8766,27.164,0.0042,3.028,9.299
1,0.830,True,0.9609,0.9500,30.856,0.0040,3.000,9.249
1,0.850,True,0.8825,0.8020,25.557,0.0038,3.016,9.255
1,0.870,True,0.8209,0.7594,24.663,0.0038,2.817,9.118
1,0.890,True,0.7590,0.9500,27.342,0.0038,2.832,9.273
1,0.910,True,0.6497,0.6375,22.203,0.0024,2.932,8.952
1,0.930,True,0.5756,0.5828,21.148,0.0000,2.380,9.102
1,0.950,True,0.4971,0.5227,20.031,0.0000,1.952,8.518
1,0.970,True,0.4513,0.4856,19.362,0.0999,2.016,8.258
1,0.990,False,0.0000,0.0000,0.000,0.3249,0.000,0.000
1,1.010,False,0.0000,0.0000,0.000,0.6980,0.000,0.000
1,1.030,False,0.0000,0.0000,0.000,0.6980,0.000,0.000
1,1.050,False,0.0000,0.0000,0.000,0.6980,0.000,0.000
1,1.070,False,0.0000,0.0000,0.000,0.6980,0.000,0.000
1,1.090,False,0.0000,0.0000,0.000,0.6980,0.000,0.000
1,1.110,False,0.0000,0.0000,0.000,0.6980,0.000,0.000
1,1.130,False,0.0000,0.0000,0.000,0.6980,0.000,0.000
1,1.150,False,0.0000,0.0000,0.000,0.6980,0.000,0.000
1,1.170,False,0.0000,0.0000,0.000,0.6980,0.000,0.000
1,1.190,False,0.0000,0.0000,0.000,0.6980,0.000,0.000
1,1.210,False,0.0000,0.0000,0.000,0.6980,0.000,0.000
1,1.230,False,0.0000,0.0000,0.000,0.6980,0.000,0.000
1,1.250,False,0.0000,0.0000,0.000,0.6980,0.000,0.000
1,1.270,False,0.0000,0.0000,0.000,0.6980,0.000,0.000
1,1.290,False,0.0000,0.0000,0.000,0.6980,0.000,0.000
1,1.310,False,0.0000,0.0000,0.000,0.6980,0.000,0.000
1,1.330,False,0.0000,0.0000,0.000,0.6980,0.000,0.000
1,1.350,False,0.0000,0.0000,0.000,0.6980,0.000,0.000
1,1.370,False,0.0000,0.0000,0.000,0.6980,0.000,0.000
1,1.390,False,0.0000,0.0000,0.000,0.6980,0.000,0.000
1,1.410,False,0.0000,0.0000,0.000,0.6980,0.000,0.000
1,1.430,False,0.0000,0.0000,0.000,0.6980,0.000,0.000
1,1.450,False,0.0000,0.0000,0.000,0.6980,0.000,0.000
1,1.470,False,0.0000,0.0000,0.000,0.6980,0.000,0.000
1,1.490,False,0.0000,0.0000,0.000,0.6980,0.000,0.000
1,1.510,False,0.0000,0.0000,0.000,0.6980,0.000,0.000
1,1.530,False,0.0000,0.0000,0.000,0.6980,0.000,0.000
1,1.550,False,0.0000,0.0000,0.000,0.6980,0.000,0.000
1,1.570,False,0.0000,0.0000,0.000,0.6980,0.000,0.000
1,1.590,False,0.0000,0.0000,0.000,0.6980,0.000,0.000
1,1.610,False,0.0000,0.0000,0.000,0.6980,0.000,0.000
1,1.630,False,0.0000,0.0000,0.000,0.6980,0.000,0.000
